Date,Received Quantity,Received Currency,Sent Quantity,Sent Currency,Fee Amount,Fee Currency,Notes,Tag,Transaction Hash
02/01/2026 17:08:15,,,0,CTC,0.002369444,CTC,"Swap (Exact Input Single) | Link: https://creditcoin.blockscout.com/tx/0x1a27093bd58e3be6ccb3431b8c8f042d29d38443be16dcc64eea29d4450573f1",swap,0x1a27093bd58e3be6ccb3431b8c8f042d29d38443be16dcc64eea29d4450573f1
02/01/2026 17:06:45,,,0,CTC,0.002369444,CTC,"Swap (Exact Input Single) | Link: https://creditcoin.blockscout.com/tx/0xa87e44c3f08d5f3c4b3353bcb91513e64843234a09b44faad50d05236f834182",swap,0xa87e44c3f08d5f3c4b3353bcb91513e64843234a09b44faad50d05236f834182
02/01/2026 17:06:15,,,0,CTC,0.002369444,CTC,"Swap (Exact Input Single) | Link: https://creditcoin.blockscout.com/tx/0x214038dbd55b77090d47faca25ca3cb84fda4394bfd541e1fa7dfbb48ea0a9d9",swap,0x214038dbd55b77090d47faca25ca3cb84fda4394bfd541e1fa7dfbb48ea0a9d9
02/01/2026 16:44:30,,,0,CTC,0.002436623,CTC,"Multicall | Link: https://creditcoin.blockscout.com/tx/0x87ec7837e6b56028c35b449107c5786f561f1dcbfd7201242e01c43c3b9bedcb",Contract Interaction,0x87ec7837e6b56028c35b449107c5786f561f1dcbfd7201242e01c43c3b9bedcb
02/01/2026 16:43:45,,,0,CTC,0.002436623,CTC,"Multicall | Link: https://creditcoin.blockscout.com/tx/0x61a16d13cea53cae4510624c71ca0b3a620848c8ddb8d334f87d791aa84ae91a",Contract Interaction,0x61a16d13cea53cae4510624c71ca0b3a620848c8ddb8d334f87d791aa84ae91a
02/01/2026 14:16:45,,,0,CTC,0.0004569642,CTC,"Swap (Exact Input Single) | Link: https://creditcoin.blockscout.com/tx/0xd2893109f13f14f7ed70d6da88f13c0c89b5fed9e95b96f49c2f06868fd06645",swap,0xd2893109f13f14f7ed70d6da88f13c0c89b5fed9e95b96f49c2f06868fd06645
02/01/2026 05:29:15,,,20000,CTC,0.000137592,CTC,"Deposit | Link: https://creditcoin.blockscout.com/tx/0xd76c4e88952d925d7c9a3c6b43c9649229d1e93a0446bf4bbe5d3becefc2b652",Contract Interaction,0xd76c4e88952d925d7c9a3c6b43c9649229d1e93a0446bf4bbe5d3becefc2b652
02/01/2026 05:19:30,,,0,CTC,0.003830281,CTC,"Swap (Exact Output Single) | Link: https://creditcoin.blockscout.com/tx/0x0fe970d4babe211b820e35d9900926f22c7a5821d2454c7eba663edd5c5fe550",swap,0x0fe970d4babe211b820e35d9900926f22c7a5821d2454c7eba663edd5c5fe550
01/31/2026 17:39:45,,,0,CTC,0.00046992015,CTC,"Multicall | Link: https://creditcoin.blockscout.com/tx/0xed53f4429d700b8bbc3cd864c896871687255ca150744b6e52d1fb40c365059d",Contract Interaction,0xed53f4429d700b8bbc3cd864c896871687255ca150744b6e52d1fb40c365059d
01/31/2026 17:23:45,,,0,CTC,0.0004466826,CTC,"Multicall | Link: https://creditcoin.blockscout.com/tx/0x3b01bfea219f4e8ae96a5f11533526541e77a7bd34f71f81d86b3b8615154f3a",Contract Interaction,0x3b01bfea219f4e8ae96a5f11533526541e77a7bd34f71f81d86b3b8615154f3a
01/30/2026 19:38:45,,,0,CTC,0.002436623,CTC,"Multicall | Link: https://creditcoin.blockscout.com/tx/0x26958837cbe166ed4d731a090f9f5303bc696b238acc06daf0ab3bda0f854913",Contract Interaction,0x26958837cbe166ed4d731a090f9f5303bc696b238acc06daf0ab3bda0f854913
01/30/2026 19:32:30,,,0,CTC,0.002369444,CTC,"Swap (Exact Input Single) | Link: https://creditcoin.blockscout.com/tx/0x1b12d47df983d16891825a1867236ee7ede5a04a33537c0d5eb6685e7b185c75",swap,0x1b12d47df983d16891825a1867236ee7ede5a04a33537c0d5eb6685e7b185c75
01/30/2026 19:31:30,,,0,CTC,0.002369444,CTC,"Swap (Exact Input Single) | Link: https://creditcoin.blockscout.com/tx/0x58c6b10d1331302c4f0ce5db57ad2d4cf907a6ed6eaa33b07a9fa65a7a1eefcb",swap,0x58c6b10d1331302c4f0ce5db57ad2d4cf907a6ed6eaa33b07a9fa65a7a1eefcb
01/30/2026 19:30:30,,,0,CTC,0.002369444,CTC,"Swap (Exact Input Single) | Link: https://creditcoin.blockscout.com/tx/0xcd299b8942f57065ad1d06d532886c1a59ac9ecb03af82374ed57164c3fe7972",swap,0xcd299b8942f57065ad1d06d532886c1a59ac9ecb03af82374ed57164c3fe7972
01/30/2026 19:30:00,,,0,CTC,0.002369444,CTC,"Swap (Exact Input Single) | Link: https://creditcoin.blockscout.com/tx/0x979eebf20772b5324ff7997c993ca6bab09953be2434caba8d474336ce25c737",swap,0x979eebf20772b5324ff7997c993ca6bab09953be2434caba8d474336ce25c737
01/30/2026 18:51:45,,,0,CTC,0.00042684705,CTC,"Swap (Exact Input Single) | Link: https://creditcoin.blockscout.com/tx/0x17f270beb58d837cda79f912113c860442d22b62a002f4113e8705b8f949c098",swap,0x17f270beb58d837cda79f912113c860442d22b62a002f4113e8705b8f949c098
01/30/2026 18:48:15,,,1000,CTC,0.0004276503,CTC,"Swap (Exact Input Single) | Link: https://creditcoin.blockscout.com/tx/0x2cb4d2780ce4a67b2befa444830cdf5b1495622a6feb6bea150f298156a416ba",swap,0x2cb4d2780ce4a67b2befa444830cdf5b1495622a6feb6bea150f298156a416ba
01/30/2026 18:47:45,,,1000,CTC,0.0004276503,CTC,"Swap (Exact Input Single) | Link: https://creditcoin.blockscout.com/tx/0xf80367ea41c8381b35d7667427fc2d115c4d13b0d9aae1fe6689eb09bd4516b1",swap,0xf80367ea41c8381b35d7667427fc2d115c4d13b0d9aae1fe6689eb09bd4516b1
01/30/2026 18:47:15,,,1000,CTC,0.0004276503,CTC,"Swap (Exact Input Single) | Link: https://creditcoin.blockscout.com/tx/0x788a03826f7020bbe8442d27435bb86f212d24eec3e8f99d40ad875f6dccdd66",swap,0x788a03826f7020bbe8442d27435bb86f212d24eec3e8f99d40ad875f6dccdd66
01/30/2026 18:46:45,,,1000,CTC,0.0004276503,CTC,"Swap (Exact Input Single) | Link: https://creditcoin.blockscout.com/tx/0x6512eb54a6422373fe822108da9675dc69a06bb81d318386db5ad6263ac2ea45",swap,0x6512eb54a6422373fe822108da9675dc69a06bb81d318386db5ad6263ac2ea45
01/30/2026 18:46:15,,,1000,CTC,0.0004276503,CTC,"Swap (Exact Input Single) | Link: https://creditcoin.blockscout.com/tx/0xf337bf2712163b62cc0ecf8ab39b0bbaf5acf9403eb4b774d51b9c209bc65e04",swap,0xf337bf2712163b62cc0ecf8ab39b0bbaf5acf9403eb4b774d51b9c209bc65e04
01/30/2026 14:44:15,,,1000,CTC,0.002217446,CTC,"Swap (Exact Input Single) | Link: https://creditcoin.blockscout.com/tx/0x7c726003cc0c191c9d916d57465d751bc5075771f4650e8d87d3f8348d9b304a",swap,0x7c726003cc0c191c9d916d57465d751bc5075771f4650e8d87d3f8348d9b304a
01/30/2026 14:25:15,,,0,CTC,0.000029631,CTC,"Transfer Substrate | Link: https://creditcoin.blockscout.com/tx/0xff61f8c1dbc3dc1a5baad5af0eb7f5d8bfd14834e6822b5fa505cc10c00e8933",Contract Interaction,0xff61f8c1dbc3dc1a5baad5af0eb7f5d8bfd14834e6822b5fa505cc10c00e8933
01/30/2026 14:07:30,,,100,CTC,0.000079387,CTC,"Deposit | Link: https://creditcoin.blockscout.com/tx/0xd2850da10f312d40de68deccdb85453e05872da841b8b1d5ddbc2ff9c3c6b5a6",Contract Interaction,0xd2850da10f312d40de68deccdb85453e05872da841b8b1d5ddbc2ff9c3c6b5a6
01/30/2026 06:23:45,,,0,CTC,0.002436623,CTC,"Multicall | Link: https://creditcoin.blockscout.com/tx/0xf165a861365d41a9281dab70380cc536f6a37148b6296c2d6072b9470e861e30",Contract Interaction,0xf165a861365d41a9281dab70380cc536f6a37148b6296c2d6072b9470e861e30
01/29/2026 18:12:30,,,10,CTC,0.000014175,CTC,"Sent CTC | Link: https://creditcoin.blockscout.com/tx/0x60d0d1a8569191050e83b120235304414efc7f0ac0af9e9fc3c8e883ac20d972",payment,0x60d0d1a8569191050e83b120235304414efc7f0ac0af9e9fc3c8e883ac20d972
01/29/2026 18:06:45,,,7900,CTC,0.000137592,CTC,"Deposit | Link: https://creditcoin.blockscout.com/tx/0xd3a1078a706428b5f88f3cf0fe472894fe2e169c4f9090fefde31aec0982615f",Contract Interaction,0xd3a1078a706428b5f88f3cf0fe472894fe2e169c4f9090fefde31aec0982615f
01/29/2026 17:57:45,,,0,CTC,0.002369444,CTC,"Swap (Exact Input Single) | Link: https://creditcoin.blockscout.com/tx/0xe99b669647b20d11e2e0b5d084843df85f1c6c90d28c6aff4f28a681d564a628",swap,0xe99b669647b20d11e2e0b5d084843df85f1c6c90d28c6aff4f28a681d564a628
01/29/2026 16:16:15,,,0,CTC,0.002436623,CTC,"Multicall | Link: https://creditcoin.blockscout.com/tx/0x333213045afd2ef20c99fad5dc7169879b79dee58ea6c5dd799d0f3d4d940003",Contract Interaction,0x333213045afd2ef20c99fad5dc7169879b79dee58ea6c5dd799d0f3d4d940003
01/28/2026 17:34:00,,,10,CTC,0.000555709,CTC,"Deposit | Link: https://creditcoin.blockscout.com/tx/0xd56cb0b68a27fa51f110202b5fc2f2f7fb46781b2a5d5fe39ac4ff07fc2cafcd",Contract Interaction,0xd56cb0b68a27fa51f110202b5fc2f2f7fb46781b2a5d5fe39ac4ff07fc2cafcd
01/28/2026 17:29:30,,,200,CTC,0.000589778,CTC,"Deposit | Link: https://creditcoin.blockscout.com/tx/0x16605d49da40e7bfe33b42ff0b1a68e5ae4d8dca27a9478f6e7b07aa004aec95",Contract Interaction,0x16605d49da40e7bfe33b42ff0b1a68e5ae4d8dca27a9478f6e7b07aa004aec95
01/28/2026 17:28:30,,,200,CTC,0.000589778,CTC,"Deposit | Link: https://creditcoin.blockscout.com/tx/0x63252a3c58d0e84d913e6a3fa010e6a3bf8804f246d702ce2d3187cf31a8fc6b",Contract Interaction,0x63252a3c58d0e84d913e6a3fa010e6a3bf8804f246d702ce2d3187cf31a8fc6b
01/28/2026 17:28:00,,,200,CTC,0.000589778,CTC,"Deposit | Link: https://creditcoin.blockscout.com/tx/0x5ee2e9a6ecc1e3af85c20fe0c71945d3b45abbabcbfb462ebcd2f628339f4f55",Contract Interaction,0x5ee2e9a6ecc1e3af85c20fe0c71945d3b45abbabcbfb462ebcd2f628339f4f55
01/28/2026 14:58:45,,,0,CTC,0.000555072,CTC,"Contract Interaction | Link: https://creditcoin.blockscout.com/tx/0x34a7ce92860fdad1f41fc0016ad8db29145575e285353d614ab6f801872b7477",Contract Interaction,0x34a7ce92860fdad1f41fc0016ad8db29145575e285353d614ab6f801872b7477
01/28/2026 14:47:45,,,100,CTC,0.000500143,CTC,"Deposit | Link: https://creditcoin.blockscout.com/tx/0xf412a161827390372f9dc102a18c1955e573b00a9be8bb6bc106c7f71f094b8c",Contract Interaction,0xf412a161827390372f9dc102a18c1955e573b00a9be8bb6bc106c7f71f094b8c
01/28/2026 11:16:30,,,0,CTC,0.00042684705,CTC,"Swap (Exact Input Single) | Link: https://creditcoin.blockscout.com/tx/0xe5813d184dd982755fe0cbcd489aac605c5fe79f095d66de907c595545c7487f",swap,0xe5813d184dd982755fe0cbcd489aac605c5fe79f095d66de907c595545c7487f
01/28/2026 04:30:30,,,0,CTC,0.0004569642,CTC,"Swap (Exact Input Single) | Link: https://creditcoin.blockscout.com/tx/0xfce2d81b7accdae1a66e336265671fe0969124dfd33e1beedcd1c1439b38c6f9",swap,0xfce2d81b7accdae1a66e336265671fe0969124dfd33e1beedcd1c1439b38c6f9
01/27/2026 20:38:00,,,0,CTC,0.000313208,CTC,"Token Transfer | Link: https://creditcoin.blockscout.com/tx/0xaeba712998796def82c42210ecc8642b10bf66c19abdb096126ad78e155763ed",payment,0xaeba712998796def82c42210ecc8642b10bf66c19abdb096126ad78e155763ed
01/27/2026 18:14:15,,,59000,CTC,0.002975329,CTC,"Multicall | Link: https://creditcoin.blockscout.com/tx/0xc37f2a8fa3203410ef1d4d89d7bac8623aea1fe778930b44c174b2d9ea1ccf52",Contract Interaction,0xc37f2a8fa3203410ef1d4d89d7bac8623aea1fe778930b44c174b2d9ea1ccf52
01/27/2026 18:00:00,,,0,CTC,0.002977142,CTC,"Multicall | Link: https://creditcoin.blockscout.com/tx/0x80144d46c8d55a1440ef2149e6cac9ca08205d391ce2c572ba7b3c6e53c4eb42",Contract Interaction,0x80144d46c8d55a1440ef2149e6cac9ca08205d391ce2c572ba7b3c6e53c4eb42
01/27/2026 17:59:15,,,0,CTC,0.002917117,CTC,"Multicall | Link: https://creditcoin.blockscout.com/tx/0xc2e65e9af56ad335046d09c6e68cd0b0a47fa3d73889c827f043533fac70b29b",Contract Interaction,0xc2e65e9af56ad335046d09c6e68cd0b0a47fa3d73889c827f043533fac70b29b
01/27/2026 16:06:30,,,0,CTC,0.000044744,CTC,"Token Transfer | Link: https://creditcoin.blockscout.com/tx/0x613bb550b76c269b06d4642dff56a9cec1ce5acc8be3990511401f8263e6ddca",payment,0x613bb550b76c269b06d4642dff56a9cec1ce5acc8be3990511401f8263e6ddca
01/27/2026 15:55:00,,,380,CTC,0.002217446,CTC,"Swap (Exact Input Single) | Link: https://creditcoin.blockscout.com/tx/0x72fc2e0bc9d520798bf88d2c4be02a73c40a144a98427907208109c52eed1fbd",swap,0x72fc2e0bc9d520798bf88d2c4be02a73c40a144a98427907208109c52eed1fbd
01/27/2026 13:08:45,,,0,CTC,0.00042684705,CTC,"Swap (Exact Input Single) | Link: https://creditcoin.blockscout.com/tx/0xf3a8537efe72c997d203bca01720a9ebc57b406bdedbd7ffdf83519405f3c620",swap,0xf3a8537efe72c997d203bca01720a9ebc57b406bdedbd7ffdf83519405f3c620
01/27/2026 12:42:15,,,0,CTC,0.00042684705,CTC,"Swap (Exact Input Single) | Link: https://creditcoin.blockscout.com/tx/0xe8cbd5b67b058b015c4cb166c3eb080919a2e8394d088e02cc4dfb89e1768b9b",swap,0xe8cbd5b67b058b015c4cb166c3eb080919a2e8394d088e02cc4dfb89e1768b9b
01/27/2026 12:22:15,,,10000,CTC,0.000014175,CTC,"Sent CTC | Link: https://creditcoin.blockscout.com/tx/0xb328f9a17ef48b6c68767c690e663ab766b950a75b70eb26b116aba60cd98a04",payment,0xb328f9a17ef48b6c68767c690e663ab766b950a75b70eb26b116aba60cd98a04
01/27/2026 11:55:30,,,0,CTC,0.00046992015,CTC,"Multicall | Link: https://creditcoin.blockscout.com/tx/0xcf4e3d484aab862fe2944b22ebd54967f62029e9c2b96d494f1f3d500f64bf36",Contract Interaction,0xcf4e3d484aab862fe2944b22ebd54967f62029e9c2b96d494f1f3d500f64bf36
01/27/2026 11:25:45,,,1000,CTC,0.0004331313,CTC,"Swap (Exact Input Single) | Link: https://creditcoin.blockscout.com/tx/0x2fec4d47720ecdd68bb81ba74a08c3393dd8f61d1b5bebb9876932adead3c4bc",swap,0x2fec4d47720ecdd68bb81ba74a08c3393dd8f61d1b5bebb9876932adead3c4bc
01/27/2026 07:44:45,,,0,CTC,0.002213281,CTC,"Swap (Exact Input Single) | Link: https://creditcoin.blockscout.com/tx/0x0f98364bf438b1cec8bc0c7bfcaaf5eb49c901a46c82c491f76acddfa7106718",swap,0x0f98364bf438b1cec8bc0c7bfcaaf5eb49c901a46c82c491f76acddfa7106718
01/27/2026 06:27:15,,,1000,CTC,0.002217446,CTC,"Swap (Exact Input Single) | Link: https://creditcoin.blockscout.com/tx/0x80d9d38b2cc38e6a821d34cd42cf5483950291af8dc737ea9ed1051653f85059",swap,0x80d9d38b2cc38e6a821d34cd42cf5483950291af8dc737ea9ed1051653f85059
01/27/2026 06:26:30,,,1000,CTC,0.002217446,CTC,"Swap (Exact Input Single) | Link: https://creditcoin.blockscout.com/tx/0xd95ccc17c60ed8869ceb7ebd0f64f7b42bb6bac624e918eb08fbd83da2ee40fc",swap,0xd95ccc17c60ed8869ceb7ebd0f64f7b42bb6bac624e918eb08fbd83da2ee40fc
01/27/2026 06:11:45,,,70000,CTC,0.002966019,CTC,"Multicall | Link: https://creditcoin.blockscout.com/tx/0xccdd80a0c2a9c5760007f9315e191e7df02421f9de62f68b0201486bce59aa69",Contract Interaction,0xccdd80a0c2a9c5760007f9315e191e7df02421f9de62f68b0201486bce59aa69
01/27/2026 06:03:15,,,0,CTC,0.002977142,CTC,"Multicall | Link: https://creditcoin.blockscout.com/tx/0xccae2b3724dfd9a82d9ac0b798b610361952a8e31842148f55d8a205dfde2728",Contract Interaction,0xccae2b3724dfd9a82d9ac0b798b610361952a8e31842148f55d8a205dfde2728
01/27/2026 05:50:15,,,1000,CTC,0.002217446,CTC,"Swap (Exact Input Single) | Link: https://creditcoin.blockscout.com/tx/0x3e03622487e5dd8cf7aa88b34b794a22d3ccf4f8f67da9db529c6e4cee7c8546",swap,0x3e03622487e5dd8cf7aa88b34b794a22d3ccf4f8f67da9db529c6e4cee7c8546
01/27/2026 05:47:15,,,0,CTC,0.002436623,CTC,"Multicall | Link: https://creditcoin.blockscout.com/tx/0x307bac354b79f0d103f0b93ea5463783c1f29e807c255abed4a275c03a8bb3b9",Contract Interaction,0x307bac354b79f0d103f0b93ea5463783c1f29e807c255abed4a275c03a8bb3b9
01/26/2026 19:45:30,,,1000,CTC,0.0004276503,CTC,"Swap (Exact Input Single) | Link: https://creditcoin.blockscout.com/tx/0xe65f42767446701037adf9a0ba159a7147bdb75a0cf916ce8e9af90ea9f5f150",swap,0xe65f42767446701037adf9a0ba159a7147bdb75a0cf916ce8e9af90ea9f5f150
01/26/2026 19:29:45,,,1000,CTC,0.0004276503,CTC,"Swap (Exact Input Single) | Link: https://creditcoin.blockscout.com/tx/0xd4a276efcc6127d62e8bdd5c747e7548ab74004a2dbc92067bfd27d7c4a03200",swap,0xd4a276efcc6127d62e8bdd5c747e7548ab74004a2dbc92067bfd27d7c4a03200
01/26/2026 17:36:15,,,0,CTC,0.00046992015,CTC,"Multicall | Link: https://creditcoin.blockscout.com/tx/0xb1ff70e2d432051ed898f9da977fa6cd0031697fa86a4697cabf943db83a9208",Contract Interaction,0xb1ff70e2d432051ed898f9da977fa6cd0031697fa86a4697cabf943db83a9208
01/26/2026 15:04:30,,,0,CTC,0.002213281,CTC,"Swap (Exact Input Single) | Link: https://creditcoin.blockscout.com/tx/0xdfdbe974a7cebd76f67385ab578d8fb320af2274e4fa62af5c655877a7780e7c",swap,0xdfdbe974a7cebd76f67385ab578d8fb320af2274e4fa62af5c655877a7780e7c
01/26/2026 15:00:30,,,0,CTC,0.002213281,CTC,"Swap (Exact Input Single) | Link: https://creditcoin.blockscout.com/tx/0xf6357e2dbed83c2f6346f95c0dad3e075b93775e67c8b0991346c0f6999caaf8",swap,0xf6357e2dbed83c2f6346f95c0dad3e075b93775e67c8b0991346c0f6999caaf8
01/26/2026 08:12:30,,,0,CTC,0.002213281,CTC,"Swap (Exact Input Single) | Link: https://creditcoin.blockscout.com/tx/0x19098cfdb0780c47a82935d51a06121eaa1a56a59c151be59bd107bf127c51d5",swap,0x19098cfdb0780c47a82935d51a06121eaa1a56a59c151be59bd107bf127c51d5
01/26/2026 05:21:15,,,0,CTC,0.002213281,CTC,"Swap (Exact Input Single) | Link: https://creditcoin.blockscout.com/tx/0xf686d3b39441b4d3a84eb5c04a8ce8c92a3b07c0bfcc03bb949021e66e510dd1",swap,0xf686d3b39441b4d3a84eb5c04a8ce8c92a3b07c0bfcc03bb949021e66e510dd1
01/25/2026 19:23:00,,,0,CTC,0.002369444,CTC,"Swap (Exact Input Single) | Link: https://creditcoin.blockscout.com/tx/0x3b3556e776e7374430deb9e7a3ffc4365fb6571153a01ba5d824d1620bb5ebbc",swap,0x3b3556e776e7374430deb9e7a3ffc4365fb6571153a01ba5d824d1620bb5ebbc
01/25/2026 19:11:45,,,98400,CTC,0.002966019,CTC,"Multicall | Link: https://creditcoin.blockscout.com/tx/0x277769a01fe4307f35bfbfe80c44ca89aa286d4477aa1d58ae41359d6a0a5d7d",Contract Interaction,0x277769a01fe4307f35bfbfe80c44ca89aa286d4477aa1d58ae41359d6a0a5d7d
01/25/2026 19:09:00,,,0,CTC,0.000309092,CTC,"Token Approval | Link: https://creditcoin.blockscout.com/tx/0x4419514865b8142879f589bd0ffd37cf0d238e4fbed5dedfab5b0dd7082e912f",Contract Interaction,0x4419514865b8142879f589bd0ffd37cf0d238e4fbed5dedfab5b0dd7082e912f
01/25/2026 18:12:30,,,1000,CTC,0.002217446,CTC,"Swap (Exact Input Single) | Link: https://creditcoin.blockscout.com/tx/0xa53822dd7cbf64ce709c8a00b7a6b0c0cb8c0979016e3fe79afa13ac61cbf0cc",swap,0xa53822dd7cbf64ce709c8a00b7a6b0c0cb8c0979016e3fe79afa13ac61cbf0cc
01/25/2026 16:38:15,,,1000,CTC,0.002217446,CTC,"Swap (Exact Input Single) | Link: https://creditcoin.blockscout.com/tx/0x871bb24ba2783e51c558d1b0bd2bab224d6e49542e9379689f0e9176405b625e",swap,0x871bb24ba2783e51c558d1b0bd2bab224d6e49542e9379689f0e9176405b625e
01/25/2026 16:37:15,,,1000,CTC,0.002217446,CTC,"Swap (Exact Input Single) | Link: https://creditcoin.blockscout.com/tx/0x4c4c0181803ffbc6d30bc3710f063d35f2dc18bee095843b3e3852d42d5c5e1f",swap,0x4c4c0181803ffbc6d30bc3710f063d35f2dc18bee095843b3e3852d42d5c5e1f
01/25/2026 16:36:15,,,1000,CTC,0.002217446,CTC,"Swap (Exact Input Single) | Link: https://creditcoin.blockscout.com/tx/0x983f8a49d43a63d2bf54544529f97ec9a4b4b6bb9aa24f44cab40f96a87dce2a",swap,0x983f8a49d43a63d2bf54544529f97ec9a4b4b6bb9aa24f44cab40f96a87dce2a
01/25/2026 16:34:30,,,1000,CTC,0.002217446,CTC,"Swap (Exact Input Single) | Link: https://creditcoin.blockscout.com/tx/0x1f9e03bef07b6eff6fa830bd574e51fab30e479077e038d93b74819fe5ef0fe1",swap,0x1f9e03bef07b6eff6fa830bd574e51fab30e479077e038d93b74819fe5ef0fe1
01/25/2026 16:28:30,,,0,CTC,0.002213281,CTC,"Swap (Exact Input Single) | Link: https://creditcoin.blockscout.com/tx/0x3cb6615acebb72fd51c01a3957da01f9ebee3b3bde046f61d58d6d2361eec43f",swap,0x3cb6615acebb72fd51c01a3957da01f9ebee3b3bde046f61d58d6d2361eec43f
01/25/2026 16:27:30,,,0,CTC,0.002213281,CTC,"Swap (Exact Input Single) | Link: https://creditcoin.blockscout.com/tx/0xcc5bd775a613946799e7eeb5e1960ee8f2c544d17c8121e9d303643146eba952",swap,0xcc5bd775a613946799e7eeb5e1960ee8f2c544d17c8121e9d303643146eba952
01/25/2026 16:11:30,,,0,CTC,0.002213281,CTC,"Swap (Exact Input Single) | Link: https://creditcoin.blockscout.com/tx/0x4a7b6a672362087dab351855c947e9b08916285d5dcf09859c2374fcb70420ae",swap,0x4a7b6a672362087dab351855c947e9b08916285d5dcf09859c2374fcb70420ae
01/25/2026 16:09:45,,,0,CTC,0.002213281,CTC,"Swap (Exact Input Single) | Link: https://creditcoin.blockscout.com/tx/0x233ecd8ba58f95944bd64d9e1efe2a8644276cd06eaeb4a3e01503ec685c4f61",swap,0x233ecd8ba58f95944bd64d9e1efe2a8644276cd06eaeb4a3e01503ec685c4f61
01/25/2026 16:09:15,,,0,CTC,0.002213281,CTC,"Swap (Exact Input Single) | Link: https://creditcoin.blockscout.com/tx/0x3b40e8e7a634657dda7430496c490a12b742af0284fb692f932529f9361607e6",swap,0x3b40e8e7a634657dda7430496c490a12b742af0284fb692f932529f9361607e6
01/25/2026 16:07:45,,,0,CTC,0.002213281,CTC,"Swap (Exact Input Single) | Link: https://creditcoin.blockscout.com/tx/0x9c2b571fe3b69b5e26db4c9ca5b47294d6851d47731cb15d1d14c905da9eac1c",swap,0x9c2b571fe3b69b5e26db4c9ca5b47294d6851d47731cb15d1d14c905da9eac1c
01/25/2026 16:06:00,,,0,CTC,0.002213281,CTC,"Swap (Exact Input Single) | Link: https://creditcoin.blockscout.com/tx/0x741aa4056ef66630e2d3d56051e5b4d707b4dbe17cb40b4c9995369246de3221",swap,0x741aa4056ef66630e2d3d56051e5b4d707b4dbe17cb40b4c9995369246de3221
01/25/2026 08:12:15,,,0,CTC,0.003830281,CTC,"Swap (Exact Output Single) | Link: https://creditcoin.blockscout.com/tx/0x0a1c4ebd097daba82b4ab367a6f10e52120234779aa4f13259e87b17ffa7a49f",swap,0x0a1c4ebd097daba82b4ab367a6f10e52120234779aa4f13259e87b17ffa7a49f
01/25/2026 08:10:45,,,0,CTC,0.003822,CTC,"Swap | Link: https://creditcoin.blockscout.com/tx/0x549b42620ec7f88042d4b55ef3a1bafdc2ff23c92fc32552c10dad59a686e85d",swap,0x549b42620ec7f88042d4b55ef3a1bafdc2ff23c92fc32552c10dad59a686e85d
01/25/2026 08:10:15,,,0,CTC,0.000309092,CTC,"Token Approval | Link: https://creditcoin.blockscout.com/tx/0x97ef5c4df5c82ee2edcb68617fd02303dd405ebd2930ca75f564977bf87ab443",Contract Interaction,0x97ef5c4df5c82ee2edcb68617fd02303dd405ebd2930ca75f564977bf87ab443
01/25/2026 08:02:45,,,0,CTC,0.000309092,CTC,"Token Approval | Link: https://creditcoin.blockscout.com/tx/0xa1ccad38950f9fe069d54dbdee790ef663552fa600491548d47404cf2baac0e8",Contract Interaction,0xa1ccad38950f9fe069d54dbdee790ef663552fa600491548d47404cf2baac0e8
01/25/2026 06:26:00,,,1000,CTC,0.002217446,CTC,"Swap (Exact Input Single) | Link: https://creditcoin.blockscout.com/tx/0x43402310cdbcf28ca31afe2601f47b3c799f99e38f22d2728494fbbbd9ff7e2e",swap,0x43402310cdbcf28ca31afe2601f47b3c799f99e38f22d2728494fbbbd9ff7e2e
01/24/2026 17:47:00,,,0,CTC,0.002369444,CTC,"Swap (Exact Input Single) | Link: https://creditcoin.blockscout.com/tx/0xb9456dd2728c90a4d7feaf9eaf68425ae1bbd36713c66bf7e5476b7414240230",swap,0xb9456dd2728c90a4d7feaf9eaf68425ae1bbd36713c66bf7e5476b7414240230
01/24/2026 17:45:30,,,1000,CTC,0.002217446,CTC,"Swap (Exact Input Single) | Link: https://creditcoin.blockscout.com/tx/0x18b90718d73418262ca18e2e2cf13f4c9e3fd78aeadc71d46bba350948cc0a5e",swap,0x18b90718d73418262ca18e2e2cf13f4c9e3fd78aeadc71d46bba350948cc0a5e
01/24/2026 17:06:30,,,0,CTC,0.002436623,CTC,"Multicall | Link: https://creditcoin.blockscout.com/tx/0x87ef0ee6ff9cf8aee0578ac1fe714eaf5dbb9612dc506b77c6f80c8847fc2e3b",Contract Interaction,0x87ef0ee6ff9cf8aee0578ac1fe714eaf5dbb9612dc506b77c6f80c8847fc2e3b
01/24/2026 17:00:45,,,0,CTC,0.002436623,CTC,"Multicall | Link: https://creditcoin.blockscout.com/tx/0xdc2da37295f98d3e1bbabd5ff98f1fd73a1f7427c8ee98327bb0f50f4382a9b1",Contract Interaction,0xdc2da37295f98d3e1bbabd5ff98f1fd73a1f7427c8ee98327bb0f50f4382a9b1
01/24/2026 05:24:15,,,7081.393339693850646908,CTC,0.002420649,CTC,"Multicall | Link: https://creditcoin.blockscout.com/tx/0xa49b9da802e211863d643b258f38b3881fea9021a9ddfdd10bffc9877e11bacb",Contract Interaction,0xa49b9da802e211863d643b258f38b3881fea9021a9ddfdd10bffc9877e11bacb
01/23/2026 18:39:00,,,10,CTC,0.000014175,CTC,"Sent CTC | Link: https://creditcoin.blockscout.com/tx/0xf5239d2e4854a9e3df1348fd6a82e406b7b88694abdb42f22f7cacd77c1e2898",payment,0xf5239d2e4854a9e3df1348fd6a82e406b7b88694abdb42f22f7cacd77c1e2898
01/23/2026 16:07:45,,,111,CTC,0.000024675,CTC,"Sent CTC | Link: https://creditcoin.blockscout.com/tx/0x0564639b38aa09d71a128ec9d59a32863cea7491fc1e37881b7edf4079538c4b",payment,0x0564639b38aa09d71a128ec9d59a32863cea7491fc1e37881b7edf4079538c4b
01/23/2026 12:23:00,,,0.90493176863694863,CTC,1.106714,CTC,"Contract Interaction | Link: https://creditcoin.blockscout.com/tx/0x2cfe789db6908e5c03ab4033cc0e50aca43a8287ac4832a978525212635be726",Contract Interaction,0x2cfe789db6908e5c03ab4033cc0e50aca43a8287ac4832a978525212635be726
01/23/2026 12:22:30,,,0,CTC,0.088312,CTC,"Token Approval | Link: https://creditcoin.blockscout.com/tx/0x93efc111f92c3dfac3c326cd87dfd963a226381532820e59e7d2161ba5d8b718",Contract Interaction,0x93efc111f92c3dfac3c326cd87dfd963a226381532820e59e7d2161ba5d8b718
01/23/2026 10:59:45,,,0,CTC,0.000990437,CTC,"Contract Interaction | Link: https://creditcoin.blockscout.com/tx/0x91216c5c3bc96eee64791611e39bc81ba743fd1bc3ec1104015b884af04aa869",Contract Interaction,0x91216c5c3bc96eee64791611e39bc81ba743fd1bc3ec1104015b884af04aa869
01/22/2026 09:26:15,,,0,CTC,0.00015729,CTC,"Withdraw | Link: https://creditcoin.blockscout.com/tx/0xc3ab63f4377e252448d63c2f6ae71c82cd0f608838bd723db3fd3219c10def4e",Contract Interaction,0xc3ab63f4377e252448d63c2f6ae71c82cd0f608838bd723db3fd3219c10def4e
01/21/2026 18:57:00,,,60000,CTC,0.000014175,CTC,"Sent CTC | Link: https://creditcoin.blockscout.com/tx/0x2977168bfac4d2a5884219b0a6b2394591da7d8633ce15f55dbffe63be05455f",payment,0x2977168bfac4d2a5884219b0a6b2394591da7d8633ce15f55dbffe63be05455f
01/21/2026 08:27:30,,,7500,CTC,0.000078624,CTC,"Deposit | Link: https://creditcoin.blockscout.com/tx/0xf688005650e555c514999a119fad56e61f5cbd0268b41dd6f607231e7ebfdccc",Contract Interaction,0xf688005650e555c514999a119fad56e61f5cbd0268b41dd6f607231e7ebfdccc
01/20/2026 15:12:30,,,0,CTC,0.000034665975,CTC,"Token Transfer | Link: https://creditcoin.blockscout.com/tx/0x8ec7e9a566a9e38aeb21d67621fc6570fc6680cf8db8961f75c984ffd43b4ae9",payment,0x8ec7e9a566a9e38aeb21d67621fc6570fc6680cf8db8961f75c984ffd43b4ae9
01/20/2026 15:05:00,,,0,CTC,0.002369444,CTC,"Swap (Exact Input Single) | Link: https://creditcoin.blockscout.com/tx/0xc6e9b19467b47bde3339dea71f336b68c450eb446a371617fdf2f4978cfd436f",swap,0xc6e9b19467b47bde3339dea71f336b68c450eb446a371617fdf2f4978cfd436f
01/19/2026 18:15:00,,,0,CTC,0.002436623,CTC,"Multicall | Link: https://creditcoin.blockscout.com/tx/0x14e3fa6280095093dc2c025ce764cc666fe247862855192a3baf2fa70760db10",Contract Interaction,0x14e3fa6280095093dc2c025ce764cc666fe247862855192a3baf2fa70760db10
01/18/2026 15:29:45,,,8.835217049897906749,CTC,0.004085424,CTC,"Contract Interaction | Link: https://creditcoin.blockscout.com/tx/0x8dcee602a9c979af0ee1840fcd42c8f4c21a3c22d1f10311b9eb10630ee2cd59",Contract Interaction,0x8dcee602a9c979af0ee1840fcd42c8f4c21a3c22d1f10311b9eb10630ee2cd59
01/18/2026 15:24:00,,,0,CTC,0.000142345,CTC,"Token Approval | Link: https://creditcoin.blockscout.com/tx/0xb89409f66244eb9a3935c3999ae7ead815edb5d31e89cc6aae7041ce3474c502",Contract Interaction,0xb89409f66244eb9a3935c3999ae7ead815edb5d31e89cc6aae7041ce3474c502
01/18/2026 15:22:15,,,0,CTC,0.002376696,CTC,"Contract Interaction | Link: https://creditcoin.blockscout.com/tx/0x544e2dd35b11e3ae7534549e199a8b4e6a8f469b843adeda7a6b6d9b3aed83f1",Contract Interaction,0x544e2dd35b11e3ae7534549e199a8b4e6a8f469b843adeda7a6b6d9b3aed83f1
01/18/2026 15:22:00,,,0,CTC,0.000142345,CTC,"Token Approval | Link: https://creditcoin.blockscout.com/tx/0x636d177a2b784ee978c4ff3c18fc0d8d787ab7f3f9a41d019b3decbc380caf08",Contract Interaction,0x636d177a2b784ee978c4ff3c18fc0d8d787ab7f3f9a41d019b3decbc380caf08
01/18/2026 07:59:30,,,0,CTC,0.002376696,CTC,"Contract Interaction | Link: https://creditcoin.blockscout.com/tx/0x951c2e25d74fb540749b56a2e190a8bb6f74d965cdbfef12a16aab7b9118cfb9",Contract Interaction,0x951c2e25d74fb540749b56a2e190a8bb6f74d965cdbfef12a16aab7b9118cfb9
01/18/2026 07:59:15,,,0,CTC,0.000142345,CTC,"Token Approval | Link: https://creditcoin.blockscout.com/tx/0xc7c4b754bca046265673ccd4db1fc9a0426064fec09cade97cdbba9560c5a101",Contract Interaction,0xc7c4b754bca046265673ccd4db1fc9a0426064fec09cade97cdbba9560c5a101
01/17/2026 04:52:00,,,0,CTC,0.002376696,CTC,"Contract Interaction | Link: https://creditcoin.blockscout.com/tx/0x9eab5273fc8899b319998ad1e98071ba21ab2312c7ff2994fb321f083f5bf6d6",Contract Interaction,0x9eab5273fc8899b319998ad1e98071ba21ab2312c7ff2994fb321f083f5bf6d6
01/17/2026 04:51:15,,,0,CTC,0.000142345,CTC,"Token Approval | Link: https://creditcoin.blockscout.com/tx/0xade503a0b64cab11ca749da196e924ee8d692794913cb0ea4982dc7dfccfd10c",Contract Interaction,0xade503a0b64cab11ca749da196e924ee8d692794913cb0ea4982dc7dfccfd10c
01/13/2026 05:19:45,,,0,CTC,0.002376696,CTC,"Contract Interaction | Link: https://creditcoin.blockscout.com/tx/0xeb825824a2eeea7a5886ede1acfa9d9bb8ba0c0a9e86f22977102c3fc6142ecb",Contract Interaction,0xeb825824a2eeea7a5886ede1acfa9d9bb8ba0c0a9e86f22977102c3fc6142ecb
01/13/2026 05:19:30,,,0,CTC,0.000142345,CTC,"Token Approval | Link: https://creditcoin.blockscout.com/tx/0x556d66e33bca98382395073a5dcb103b52f1c6e4eed48229e1e901c09477d605",Contract Interaction,0x556d66e33bca98382395073a5dcb103b52f1c6e4eed48229e1e901c09477d605
01/12/2026 13:21:45,,,0,CTC,0.002376696,CTC,"Contract Interaction | Link: https://creditcoin.blockscout.com/tx/0x5987198ad7b9e1624d0a1b80f7a202a9be475136e3e0b530e1047b4c4dac7c01",Contract Interaction,0x5987198ad7b9e1624d0a1b80f7a202a9be475136e3e0b530e1047b4c4dac7c01
01/12/2026 13:21:30,,,0,CTC,0.0001622005,CTC,"Token Approval | Link: https://creditcoin.blockscout.com/tx/0xafeda84f3ec143194c3de4cf6af552f5ec24aba995d61d74ad47cf355703bd11",Contract Interaction,0xafeda84f3ec143194c3de4cf6af552f5ec24aba995d61d74ad47cf355703bd11
01/12/2026 13:21:15,,,0,CTC,0.000142345,CTC,"Token Approval | Link: https://creditcoin.blockscout.com/tx/0x2382e7245415f91050395052e46ee9180b42e095f273f94122397ea61b82fc21",Contract Interaction,0x2382e7245415f91050395052e46ee9180b42e095f273f94122397ea61b82fc21
01/12/2026 03:35:30,,,7.4654748930113305,CTC,0.004085424,CTC,"Contract Interaction | Link: https://creditcoin.blockscout.com/tx/0xbd8f27ca7c0ff34871e803a7ce378b61972b72c4016cc93862c44a160462e0a5",Contract Interaction,0xbd8f27ca7c0ff34871e803a7ce378b61972b72c4016cc93862c44a160462e0a5
01/12/2026 03:33:45,,,0,CTC,0.002376696,CTC,"Contract Interaction | Link: https://creditcoin.blockscout.com/tx/0x8244fe8dd4d580f132de08d27a9705e683f6cf795f088b18d54a84c650603b4d",Contract Interaction,0x8244fe8dd4d580f132de08d27a9705e683f6cf795f088b18d54a84c650603b4d
01/12/2026 03:33:30,,,0,CTC,0.000142345,CTC,"Token Approval | Link: https://creditcoin.blockscout.com/tx/0x038b698687b7bea4682dfb43f7622b96d3f3b296483d160447df13a99a73fc66",Contract Interaction,0x038b698687b7bea4682dfb43f7622b96d3f3b296483d160447df13a99a73fc66
01/11/2026 17:14:15,,,80001,CTC,0.000014175,CTC,"Sent CTC | Link: https://creditcoin.blockscout.com/tx/0x1d8eb805b86639ebdf3d0b8e2432aefe28f5883bab1b060bc803b204554ad332",payment,0x1d8eb805b86639ebdf3d0b8e2432aefe28f5883bab1b060bc803b204554ad332
01/11/2026 17:13:30,,,0,CTC,0.00015729,CTC,"Withdraw | Link: https://creditcoin.blockscout.com/tx/0x7ea5e3756ff9da5bb3a590e6dc0d617714003a24ccb7f0b3bb5de2e928a34e00",Contract Interaction,0x7ea5e3756ff9da5bb3a590e6dc0d617714003a24ccb7f0b3bb5de2e928a34e00
01/11/2026 11:02:30,,,0,CTC,0.002369444,CTC,"Swap (Exact Input Single) | Link: https://creditcoin.blockscout.com/tx/0x21cab99ec20d6d587844238db32e98683b656e3fa855bd6f184af26ca9dc33c4",swap,0x21cab99ec20d6d587844238db32e98683b656e3fa855bd6f184af26ca9dc33c4
01/10/2026 13:52:30,,,0,CTC,0.002369444,CTC,"Swap (Exact Input Single) | Link: https://creditcoin.blockscout.com/tx/0x3b0a16b32bd3ceaa6dde6ef6d68627f68047b304fc23884f7a74c3b5aa5b5652",swap,0x3b0a16b32bd3ceaa6dde6ef6d68627f68047b304fc23884f7a74c3b5aa5b5652
01/08/2026 10:00:15,,,9.97,CTC,0.000727776,CTC,"Contract Interaction | Link: https://creditcoin.blockscout.com/tx/0x7b76f2df5f9dd7141d6695799ec4209e525630b384acc4c46c45b71c2462be26",Contract Interaction,0x7b76f2df5f9dd7141d6695799ec4209e525630b384acc4c46c45b71c2462be26
01/06/2026 13:30:30,,,0,CTC,0.002369444,CTC,"Swap (Exact Input Single) | Link: https://creditcoin.blockscout.com/tx/0xb49296e1b56e6b03cbbfbaecf258ca018c92abf651089db00b8e5c71c057d675",swap,0xb49296e1b56e6b03cbbfbaecf258ca018c92abf651089db00b8e5c71c057d675
01/05/2026 18:08:45,,,0,CTC,0.002369444,CTC,"Swap (Exact Input Single) | Link: https://creditcoin.blockscout.com/tx/0x9f22fd1c922164e8a23ef240f9f96f14a42084b5e4f83a42665fa55b869ef779",swap,0x9f22fd1c922164e8a23ef240f9f96f14a42084b5e4f83a42665fa55b869ef779
01/05/2026 16:10:45,,,0,CTC,0.002369444,CTC,"Swap (Exact Input Single) | Link: https://creditcoin.blockscout.com/tx/0x08468fe11552929674064397b0378ec4af003dbd9d82a78bc72fe49c4d7aeaab",swap,0x08468fe11552929674064397b0378ec4af003dbd9d82a78bc72fe49c4d7aeaab
01/04/2026 16:54:45,,,4000,CTC,0.000137592,CTC,"Deposit | Link: https://creditcoin.blockscout.com/tx/0x54b2b9f64bab63727b1f741f3b92b08bb0c024c472f909adee85b9407d707bb0",Contract Interaction,0x54b2b9f64bab63727b1f741f3b92b08bb0c024c472f909adee85b9407d707bb0
01/04/2026 14:44:15,,,0,CTC,0.002369444,CTC,"Swap (Exact Input Single) | Link: https://creditcoin.blockscout.com/tx/0xc0bbcb63aed4cd65511cefcb9e082e9c7b9a353670c4cfcf0ec07105baef64ac",swap,0xc0bbcb63aed4cd65511cefcb9e082e9c7b9a353670c4cfcf0ec07105baef64ac
01/04/2026 13:56:15,,,113042,CTC,0.000014175,CTC,"Sent CTC | Link: https://creditcoin.blockscout.com/tx/0x861b1ecc5b07994160ac558e4d54abaf973896f5d5f42c43f0f1ae9131ead80c",payment,0x861b1ecc5b07994160ac558e4d54abaf973896f5d5f42c43f0f1ae9131ead80c
01/04/2026 13:55:15,,,0,CTC,0.00015729,CTC,"Withdraw | Link: https://creditcoin.blockscout.com/tx/0xbb961f29a8bf542a1bbf77c38e5b6c364eb2818d144595f211e79f67e061ca3f",Contract Interaction,0xbb961f29a8bf542a1bbf77c38e5b6c364eb2818d144595f211e79f67e061ca3f
01/04/2026 13:54:30,,,0,CTC,0.00015729,CTC,"Withdraw | Link: https://creditcoin.blockscout.com/tx/0x51de1cc61db160dfd39ff5c79eac3e749feb34ea0ad61ce8f43795fa3dcbb2a4",Contract Interaction,0x51de1cc61db160dfd39ff5c79eac3e749feb34ea0ad61ce8f43795fa3dcbb2a4
01/04/2026 11:50:15,,,0,CTC,0.002369444,CTC,"Swap (Exact Input Single) | Link: https://creditcoin.blockscout.com/tx/0xe5d2148fef5c516451f4d9026370d8a1000a9e381db9cda59f9452a7f2cd2038",swap,0xe5d2148fef5c516451f4d9026370d8a1000a9e381db9cda59f9452a7f2cd2038
01/04/2026 08:29:00,,,0,CTC,0.002369444,CTC,"Swap (Exact Input Single) | Link: https://creditcoin.blockscout.com/tx/0x183eec78f74b11cf284912fd3376be9881c3d301294fecd5674a92eb05a24a7d",swap,0x183eec78f74b11cf284912fd3376be9881c3d301294fecd5674a92eb05a24a7d
01/03/2026 11:20:00,,,1,CTC,0.000014175,CTC,"Sent CTC | Link: https://creditcoin.blockscout.com/tx/0x0d46c3cd2f18f78778190b54eeef7ee71c5d57dcc6dbb432e31c333ee7a6540c",payment,0x0d46c3cd2f18f78778190b54eeef7ee71c5d57dcc6dbb432e31c333ee7a6540c
01/03/2026 11:13:15,,,0.1,CTC,0.000014175,CTC,"Sent CTC | Link: https://creditcoin.blockscout.com/tx/0xe1e38cbec492cdfbbb099c9f1cba2f20225b2949b9432f91fdabf751f52d1517",payment,0xe1e38cbec492cdfbbb099c9f1cba2f20225b2949b9432f91fdabf751f52d1517
01/03/2026 10:19:00,,,0,CTC,0.002369444,CTC,"Swap (Exact Input Single) | Link: https://creditcoin.blockscout.com/tx/0x27e6ed38a6e8a74121931d94d15b05ccdbd30976645a9784f5f60aa06b4727e2",swap,0x27e6ed38a6e8a74121931d94d15b05ccdbd30976645a9784f5f60aa06b4727e2
01/03/2026 10:13:15,,,0,CTC,0.002369444,CTC,"Swap (Exact Input Single) | Link: https://creditcoin.blockscout.com/tx/0xab6814aa476e04cb81a981409e5d20cf7c99adda8263ccb300af29d216be7db5",swap,0xab6814aa476e04cb81a981409e5d20cf7c99adda8263ccb300af29d216be7db5
01/03/2026 09:29:45,,,0,CTC,0.002369444,CTC,"Swap (Exact Input Single) | Link: https://creditcoin.blockscout.com/tx/0x5eaaf78259f755ec526f32cb8fb819c105821e422b7c02c3253146db3dd8aa74",swap,0x5eaaf78259f755ec526f32cb8fb819c105821e422b7c02c3253146db3dd8aa74
01/02/2026 16:46:45,,,0,CTC,0.002369444,CTC,"Swap (Exact Input Single) | Link: https://creditcoin.blockscout.com/tx/0xbddf5eef7ef82c30d230da8d2e3240e59d5099de80bea911071a713f28041dda",swap,0xbddf5eef7ef82c30d230da8d2e3240e59d5099de80bea911071a713f28041dda
01/02/2026 14:56:00,,,120000,CTC,0.000014175,CTC,"Sent CTC | Link: https://creditcoin.blockscout.com/tx/0x1e4498962a5b47bbbee15ec58beae41d0b6edd828892bd4b26dff727def35779",payment,0x1e4498962a5b47bbbee15ec58beae41d0b6edd828892bd4b26dff727def35779
01/02/2026 14:55:00,,,0,CTC,0.00015729,CTC,"Withdraw | Link: https://creditcoin.blockscout.com/tx/0x71aff3de0e36a3b6e191b7e57cb4c1f3335af1c35ac2a37ff79f8cad9ce3f1c1",Contract Interaction,0x71aff3de0e36a3b6e191b7e57cb4c1f3335af1c35ac2a37ff79f8cad9ce3f1c1
01/01/2026 14:30:30,,,0,CTC,0.002369444,CTC,"Swap (Exact Input Single) | Link: https://creditcoin.blockscout.com/tx/0x2977952337f89343112508d7e84edc09909acfee4959c8026493a7234efa3b2a",swap,0x2977952337f89343112508d7e84edc09909acfee4959c8026493a7234efa3b2a
12/29/2025 15:36:45,,,89500,CTC,0.000137592,CTC,"Deposit | Link: https://creditcoin.blockscout.com/tx/0x6f7ed245b3eb398b5b2487c4171e5b00e0d04d7b57dcdde0f4dd17d38e980d7f",Contract Interaction,0x6f7ed245b3eb398b5b2487c4171e5b00e0d04d7b57dcdde0f4dd17d38e980d7f
12/29/2025 15:11:00,,,0,CTC,0.00002824605,CTC,"Token Transfer | Link: https://creditcoin.blockscout.com/tx/0xa1e96f9d19e836f0ddef2a88a3783a7a5fa60c10d62ae9426be4eecc688bf418",payment,0xa1e96f9d19e836f0ddef2a88a3783a7a5fa60c10d62ae9426be4eecc688bf418
12/29/2025 15:08:00,,,0,CTC,0.000451878,CTC,"Contract Interaction | Link: https://creditcoin.blockscout.com/tx/0xeb19ffe8f12c2cd93b196c8e2e7465e4fac55ef972494dd44dc99a5a03c75b3f",Contract Interaction,0xeb19ffe8f12c2cd93b196c8e2e7465e4fac55ef972494dd44dc99a5a03c75b3f
12/28/2025 08:05:15,,,0,CTC,0.002369444,CTC,"Swap (Exact Input Single) | Link: https://creditcoin.blockscout.com/tx/0x3a31ecf89cfba714ed08c75805f6c931d8da024b329ade6893c7a48134532021",swap,0x3a31ecf89cfba714ed08c75805f6c931d8da024b329ade6893c7a48134532021
12/26/2025 03:26:45,,,0,CTC,0.002369444,CTC,"Swap (Exact Input Single) | Link: https://creditcoin.blockscout.com/tx/0x7b112ccb0d8cf5637d2cd5c145fd66977352acde28daa8068832dc0bd4f8b342",swap,0x7b112ccb0d8cf5637d2cd5c145fd66977352acde28daa8068832dc0bd4f8b342
12/25/2025 13:28:30,,,11000,CTC,0.000137592,CTC,"Deposit | Link: https://creditcoin.blockscout.com/tx/0x4854bc90864136c1af866427feccd3508b1e7b6b0cde9f30557017f3b3c93e52",Contract Interaction,0x4854bc90864136c1af866427feccd3508b1e7b6b0cde9f30557017f3b3c93e52
12/25/2025 13:21:30,,,24000,CTC,0.000137592,CTC,"Deposit | Link: https://creditcoin.blockscout.com/tx/0x6f2ab3d65f6286e3cb14fa25c24fefc722a68f5865d79c773d37c092cab97b71",Contract Interaction,0x6f2ab3d65f6286e3cb14fa25c24fefc722a68f5865d79c773d37c092cab97b71
12/24/2025 15:56:00,,,7000,CTC,0.000137592,CTC,"Deposit | Link: https://creditcoin.blockscout.com/tx/0xb0f724503310a9de168fd853a9b4fbd663b3e28944569d44989bd8c732a7c998",Contract Interaction,0xb0f724503310a9de168fd853a9b4fbd663b3e28944569d44989bd8c732a7c998
12/20/2025 17:35:00,,,0,CTC,0.000029631,CTC,"Transfer Substrate | Link: https://creditcoin.blockscout.com/tx/0x51a78dc7d127a1301c55b8c52e77a00a2289bfd0abaa476f162af1ab96091562",Contract Interaction,0x51a78dc7d127a1301c55b8c52e77a00a2289bfd0abaa476f162af1ab96091562
12/20/2025 17:33:45,,,0,CTC,0.00015729,CTC,"Withdraw | Link: https://creditcoin.blockscout.com/tx/0xd866347909d010bb3d693c21104b5d0e2ef8e8b64e49f439dafd47dde3ecc4c6",Contract Interaction,0xd866347909d010bb3d693c21104b5d0e2ef8e8b64e49f439dafd47dde3ecc4c6
12/19/2025 09:57:15,,,0,CTC,0.002436623,CTC,"Multicall | Link: https://creditcoin.blockscout.com/tx/0xb2033a1a9cb95656fc52a12223a514c746b375d5fac75b02ba13e0f4700415a8",Contract Interaction,0xb2033a1a9cb95656fc52a12223a514c746b375d5fac75b02ba13e0f4700415a8
12/19/2025 09:03:00,,,0,CTC,0.002369444,CTC,"Swap (Exact Input Single) | Link: https://creditcoin.blockscout.com/tx/0x5692c39ee704497b2ac490d1c18559661e2f0fd7282bb40059f4ca7890513c62",swap,0x5692c39ee704497b2ac490d1c18559661e2f0fd7282bb40059f4ca7890513c62
12/19/2025 08:47:00,,,0,CTC,0.002369444,CTC,"Swap (Exact Input Single) | Link: https://creditcoin.blockscout.com/tx/0xa4f3aae1f37d3b79707e465a71d15c500f1345c8957bd11cd720b93cd471ba85",swap,0xa4f3aae1f37d3b79707e465a71d15c500f1345c8957bd11cd720b93cd471ba85
12/19/2025 07:18:45,,,0,CTC,0.002369444,CTC,"Swap (Exact Input Single) | Link: https://creditcoin.blockscout.com/tx/0x64a1f775c76bc5d79109bc3ccfa4dce6a56161bf39943c4bbdb747a2bab603aa",swap,0x64a1f775c76bc5d79109bc3ccfa4dce6a56161bf39943c4bbdb747a2bab603aa
12/12/2025 19:01:30,,,0,CTC,0.002369444,CTC,"Swap (Exact Input Single) | Link: https://creditcoin.blockscout.com/tx/0x242eea83ffffb0e6bd46bccec8d452c803a373e0b8bf2888d7603c7f906e5b9b",swap,0x242eea83ffffb0e6bd46bccec8d452c803a373e0b8bf2888d7603c7f906e5b9b
12/12/2025 18:57:30,,,0,CTC,0.000468314,CTC,"Token Transfer | Link: https://creditcoin.blockscout.com/tx/0xe424ecc3b388f712027ba612efce2b2cda7f490ecea3cb2cb7fdeb94f9b14e60",payment,0xe424ecc3b388f712027ba612efce2b2cda7f490ecea3cb2cb7fdeb94f9b14e60
12/09/2025 05:49:45,,,0,CTC,0.002376696,CTC,"Contract Interaction | Link: https://creditcoin.blockscout.com/tx/0xea2d4729229eda98d2bd62c075c5c55510a81556cae7fc4d5817359597099089",Contract Interaction,0xea2d4729229eda98d2bd62c075c5c55510a81556cae7fc4d5817359597099089
12/09/2025 05:49:30,,,0,CTC,0.000142345,CTC,"Token Approval | Link: https://creditcoin.blockscout.com/tx/0x8267db3529af39db52194361b41a57a5c746da4e63abd85e1ac895f3bc19cbf3",Contract Interaction,0x8267db3529af39db52194361b41a57a5c746da4e63abd85e1ac895f3bc19cbf3
12/06/2025 16:51:15,,,0,CTC,0.002369444,CTC,"Swap (Exact Input Single) | Link: https://creditcoin.blockscout.com/tx/0xda262f0e208e4e42b5e82f4b8b5522b26f391333752136dccb07f8e15871261e",swap,0xda262f0e208e4e42b5e82f4b8b5522b26f391333752136dccb07f8e15871261e
12/05/2025 11:44:15,,,9999,CTC,0.000137592,CTC,"Deposit | Link: https://creditcoin.blockscout.com/tx/0x919a11565c589e2201e3da30069f2c6428e0ef4bb56d21d6e1cb9626f0f7d237",Contract Interaction,0x919a11565c589e2201e3da30069f2c6428e0ef4bb56d21d6e1cb9626f0f7d237
12/05/2025 11:28:30,,,100,CTC,0.002645363,CTC,"Swap (Exact Input Single) | Link: https://creditcoin.blockscout.com/tx/0x527335e30c04d8ad83e2846a0296520de5d2fd85213f771403dedc7f4cd676fc",swap,0x527335e30c04d8ad83e2846a0296520de5d2fd85213f771403dedc7f4cd676fc
12/05/2025 05:18:15,,,0,CTC,0.002436623,CTC,"Multicall | Link: https://creditcoin.blockscout.com/tx/0x710fb4a766a64664737d96db8cce980c09fb617dc90a3bf3b0d838fa66ee251c",Contract Interaction,0x710fb4a766a64664737d96db8cce980c09fb617dc90a3bf3b0d838fa66ee251c
12/03/2025 05:47:45,,,7.985503762426304804,CTC,0.000583632,CTC,"Contract Interaction | Link: https://creditcoin.blockscout.com/tx/0x2bfbca08ce774e569ef0762b0b6bcc54c89a1341e9456bd64658293d4c73d789",Contract Interaction,0x2bfbca08ce774e569ef0762b0b6bcc54c89a1341e9456bd64658293d4c73d789
12/02/2025 08:20:15,,,0,CTC,0.002376696,CTC,"Contract Interaction | Link: https://creditcoin.blockscout.com/tx/0x75cff727eb92e62343bcc1fc7d6d8fe3e201cde39cfbe5bfd340df3533e6a0d7",Contract Interaction,0x75cff727eb92e62343bcc1fc7d6d8fe3e201cde39cfbe5bfd340df3533e6a0d7
12/02/2025 08:20:00,,,0,CTC,0.000142345,CTC,"Token Approval | Link: https://creditcoin.blockscout.com/tx/0x59d9ad5cd30b21f8d85dd88fb7606d08948cf97c55074227e7d258e4d355b0c0",Contract Interaction,0x59d9ad5cd30b21f8d85dd88fb7606d08948cf97c55074227e7d258e4d355b0c0
12/01/2025 15:56:15,,,39992,CTC,0.000137592,CTC,"Deposit | Link: https://creditcoin.blockscout.com/tx/0x69ed338f42610595299e5e9f7a3c804050410a97bb11783748ac87362688e8e8",Contract Interaction,0x69ed338f42610595299e5e9f7a3c804050410a97bb11783748ac87362688e8e8
12/01/2025 14:29:30,,,18.622392383851054044,CTC,0.004085424,CTC,"Contract Interaction | Link: https://creditcoin.blockscout.com/tx/0x2257ebff13afe1855e51f639c0f3ecf6a377390d3825933dc91d121a785ff143",Contract Interaction,0x2257ebff13afe1855e51f639c0f3ecf6a377390d3825933dc91d121a785ff143
12/01/2025 14:28:15,,,0,CTC,0.002376696,CTC,"Contract Interaction | Link: https://creditcoin.blockscout.com/tx/0xea268a53baeee726d2a004469e8b5488db3c9d1736913e38def7d60456ac7c8d",Contract Interaction,0xea268a53baeee726d2a004469e8b5488db3c9d1736913e38def7d60456ac7c8d
12/01/2025 14:27:45,,,0,CTC,0.000142345,CTC,"Token Approval | Link: https://creditcoin.blockscout.com/tx/0xe4d2629ba16096808cc0f00a026abed336bb30ff802ab6a103aa4bf76a983ea6",Contract Interaction,0xe4d2629ba16096808cc0f00a026abed336bb30ff802ab6a103aa4bf76a983ea6
12/01/2025 08:03:15,,,7269.738420883649792528,CTC,0.002420649,CTC,"Multicall | Link: https://creditcoin.blockscout.com/tx/0xe1447e4bd05a35dcc55335fa01a4a74d79aaf2ab5b249455077274d7637a1beb",Contract Interaction,0xe1447e4bd05a35dcc55335fa01a4a74d79aaf2ab5b249455077274d7637a1beb
11/30/2025 07:58:45,,,0,CTC,0.002376696,CTC,"Contract Interaction | Link: https://creditcoin.blockscout.com/tx/0x0e08b290d21ac4865768de3de1f62552b32955f2c408b4056ccb47f339589748",Contract Interaction,0x0e08b290d21ac4865768de3de1f62552b32955f2c408b4056ccb47f339589748
11/30/2025 07:58:30,,,0,CTC,0.000142345,CTC,"Token Approval | Link: https://creditcoin.blockscout.com/tx/0x4a87b57c2e3c27b60e8e8176f802af132dfcc4b6f601f0917dcc6ad67cc69ab4",Contract Interaction,0x4a87b57c2e3c27b60e8e8176f802af132dfcc4b6f601f0917dcc6ad67cc69ab4
11/29/2025 11:16:15,,,1,CTC,0.000014175,CTC,"Sent CTC | Link: https://creditcoin.blockscout.com/tx/0xae6941f510540abd01bafcdff68f641ba763aae927ef2a3f6bdd83bb45316448",payment,0xae6941f510540abd01bafcdff68f641ba763aae927ef2a3f6bdd83bb45316448
11/29/2025 06:39:30,,,88,CTC,0.000219401141043,CTC,"Sent CTC | Link: https://creditcoin.blockscout.com/tx/0xc5b78a923865543a63ba0025d5ea4954dcbbd1230fabf8fa358e302445a3fa57",payment,0xc5b78a923865543a63ba0025d5ea4954dcbbd1230fabf8fa358e302445a3fa57
11/29/2025 05:59:45,,,1111,CTC,0.000024675,CTC,"Sent CTC | Link: https://creditcoin.blockscout.com/tx/0x3370a8953d837d3d2a0fba79a594bd528ca0793711e8fafb88f156e3ebfb86b3",payment,0x3370a8953d837d3d2a0fba79a594bd528ca0793711e8fafb88f156e3ebfb86b3
11/28/2025 21:46:30,,,555,CTC,0.000218925,CTC,"Sent CTC | Link: https://creditcoin.blockscout.com/tx/0xe3702fb39c7bdcacff8163bd3cc64ccdc80de7ef5059d922cf33a7ee1ac0859d",payment,0xe3702fb39c7bdcacff8163bd3cc64ccdc80de7ef5059d922cf33a7ee1ac0859d
11/28/2025 21:24:30,,,1,CTC,0.000423675,CTC,"Sent CTC | Link: https://creditcoin.blockscout.com/tx/0x3df32f826792e606cba8133ef93beb9cf310537c660a87ebf2d19baee2e1755e",payment,0x3df32f826792e606cba8133ef93beb9cf310537c660a87ebf2d19baee2e1755e
11/28/2025 21:13:30,,,1,CTC,0.000014175,CTC,"Sent CTC | Link: https://creditcoin.blockscout.com/tx/0xb26f8d61ea11e2721fe2e3281d9e8dbe63c5b2be1a7b674082a4ab868efd7c25",payment,0xb26f8d61ea11e2721fe2e3281d9e8dbe63c5b2be1a7b674082a4ab868efd7c25
11/28/2025 21:11:30,,,1,CTC,0.000014175,CTC,"Sent CTC | Link: https://creditcoin.blockscout.com/tx/0x984b2cb5b0907a7c195ecf2b4830b66dfa8125e55193c4443e973f6db8477147",payment,0x984b2cb5b0907a7c195ecf2b4830b66dfa8125e55193c4443e973f6db8477147
11/28/2025 21:08:30,,,1000,CTC,0.000014175,CTC,"Sent CTC | Link: https://creditcoin.blockscout.com/tx/0x3c0577339f3c057125fa5ca46d97517f2936460bd4f7d68d264237f982a14681",payment,0x3c0577339f3c057125fa5ca46d97517f2936460bd4f7d68d264237f982a14681
11/28/2025 20:54:45,,,0,CTC,0.0006732,CTC,"Contract Interaction | Link: https://creditcoin.blockscout.com/tx/0xac40358ed24bb86101bfdaba2e338aa9b178f38184542ca34ed4c4339365e500",Contract Interaction,0xac40358ed24bb86101bfdaba2e338aa9b178f38184542ca34ed4c4339365e500
11/28/2025 20:54:30,,,0,CTC,0.0007018,CTC,"Contract Interaction | Link: https://creditcoin.blockscout.com/tx/0x58d2f8a106c4e27dbc10ceb0c98ebdedf0f61be3730f042d97518a94cde3b7fa",Contract Interaction,0x58d2f8a106c4e27dbc10ceb0c98ebdedf0f61be3730f042d97518a94cde3b7fa
11/27/2025 11:01:45,,,0,CTC,0.002376696,CTC,"Contract Interaction | Link: https://creditcoin.blockscout.com/tx/0x321825c2501c72333f9638cabc09872aa56ea2b5b92c687c2c9ecfac2e156a28",Contract Interaction,0x321825c2501c72333f9638cabc09872aa56ea2b5b92c687c2c9ecfac2e156a28
11/27/2025 11:01:30,,,0,CTC,0.000142345,CTC,"Token Approval | Link: https://creditcoin.blockscout.com/tx/0x5236e79794692e12d4c6bae3edfdefed3cebf70420a3edcf74889555d3cdd84a",Contract Interaction,0x5236e79794692e12d4c6bae3edfdefed3cebf70420a3edcf74889555d3cdd84a
11/26/2025 18:16:00,,,10,CTC,0.000014175,CTC,"Sent CTC | Link: https://creditcoin.blockscout.com/tx/0x2995896139c02e9354f41045a4111bba7f2918e3cc27dec44ba32bdd649f6dad",payment,0x2995896139c02e9354f41045a4111bba7f2918e3cc27dec44ba32bdd649f6dad
11/26/2025 17:40:15,,,0,CTC,0.002325246,CTC,"Contract Interaction | Link: https://creditcoin.blockscout.com/tx/0x88d583d799f6323097cc374250f95fa7f32b9f9f32008f2b3d6e18bad013e883",Contract Interaction,0x88d583d799f6323097cc374250f95fa7f32b9f9f32008f2b3d6e18bad013e883
11/26/2025 17:00:15,44360,CTC,,,,,"Received CTC | Link: https://creditcoin.blockscout.com/tx/0xdb25688f57961bd24280e2cf72495bff0b29169493bd9271c5ae522ca4b7e375",receive,0xdb25688f57961bd24280e2cf72495bff0b29169493bd9271c5ae522ca4b7e375
11/26/2025 01:49:15,,,0,CTC,0.002369444,CTC,"Swap (Exact Input Single) | Link: https://creditcoin.blockscout.com/tx/0x8c0a81af520afb7b0f9645d0945d317992939d0fc97ad43df764c82a761c2728",swap,0x8c0a81af520afb7b0f9645d0945d317992939d0fc97ad43df764c82a761c2728
11/25/2025 23:57:30,,,0,CTC,0.000109886,CTC,"Sent CTC | Link: https://creditcoin.blockscout.com/tx/0xacb77fb4c86faed27a283d0ab62ac4c4dd40cad16d4a1bdbacbf5acef5138d97",payment,0xacb77fb4c86faed27a283d0ab62ac4c4dd40cad16d4a1bdbacbf5acef5138d97
11/24/2025 13:42:15,,,0,CTC,0.002376696,CTC,"Contract Interaction | Link: https://creditcoin.blockscout.com/tx/0xde335911daafb83f13f0081ada806b09fc37f0411b511117f85d5a298ee6809d",Contract Interaction,0xde335911daafb83f13f0081ada806b09fc37f0411b511117f85d5a298ee6809d
11/24/2025 13:42:00,,,0,CTC,0.000142345,CTC,"Token Approval | Link: https://creditcoin.blockscout.com/tx/0x2eeac6f0295534138bf43a8432a3241f89eaf209704d394e37b000feffee59c8",Contract Interaction,0x2eeac6f0295534138bf43a8432a3241f89eaf209704d394e37b000feffee59c8
11/24/2025 13:40:30,,,0,CTC,0.002376696,CTC,"Contract Interaction | Link: https://creditcoin.blockscout.com/tx/0x1bae5f54afb1c5df7e9af554327b15bf1ce8bc8ad791ffe073818790f73f7957",Contract Interaction,0x1bae5f54afb1c5df7e9af554327b15bf1ce8bc8ad791ffe073818790f73f7957
11/24/2025 13:40:15,,,0,CTC,0.000142345,CTC,"Token Approval | Link: https://creditcoin.blockscout.com/tx/0xfc44684422d018355db4a115735deb52b13e64419c33f4427bbc1d4eca66d558",Contract Interaction,0xfc44684422d018355db4a115735deb52b13e64419c33f4427bbc1d4eca66d558
11/23/2025 04:52:45,,,0,CTC,0.002369444,CTC,"Swap (Exact Input Single) | Link: https://creditcoin.blockscout.com/tx/0xab13d880854cad67284cbb5fe0af7bb7a6376fc470d66ca56ccb4e5dd1a10f0a",swap,0xab13d880854cad67284cbb5fe0af7bb7a6376fc470d66ca56ccb4e5dd1a10f0a
11/23/2025 04:50:30,,,0,CTC,0.002369444,CTC,"Swap (Exact Input Single) | Link: https://creditcoin.blockscout.com/tx/0x138d8aea0277b6002969f98bc0b256aa05937652008eeb636033113bd5fec47d",swap,0x138d8aea0277b6002969f98bc0b256aa05937652008eeb636033113bd5fec47d
11/21/2025 13:48:45,,,0,CTC,0.002376696,CTC,"Contract Interaction | Link: https://creditcoin.blockscout.com/tx/0xac2125271be71d6054aa2297a542ca6885324226cf2285e01401e20b53590af0",Contract Interaction,0xac2125271be71d6054aa2297a542ca6885324226cf2285e01401e20b53590af0
11/21/2025 13:48:30,,,0,CTC,0.000142345,CTC,"Token Approval | Link: https://creditcoin.blockscout.com/tx/0x5b747e41c65c187731213a42ca2702ed0a57829b533eb96cb29d8ee0362cd846",Contract Interaction,0x5b747e41c65c187731213a42ca2702ed0a57829b533eb96cb29d8ee0362cd846
11/21/2025 09:16:45,,,0,CTC,0.000142345,CTC,"Token Approval | Link: https://creditcoin.blockscout.com/tx/0x67e19a34a848ce11a40953ee49aef4ced5488a889b1ff7ec46dff04747f6ba64",Contract Interaction,0x67e19a34a848ce11a40953ee49aef4ced5488a889b1ff7ec46dff04747f6ba64
11/21/2025 09:12:45,,,17.004582927548516212,CTC,0.004085424,CTC,"Contract Interaction | Link: https://creditcoin.blockscout.com/tx/0x4e59f0b650c7455eac37ec5de70c19c5f872cec0e33f6c8c309d36f7b55da713",Contract Interaction,0x4e59f0b650c7455eac37ec5de70c19c5f872cec0e33f6c8c309d36f7b55da713
11/21/2025 03:46:30,,,0,CTC,0.002376696,CTC,"Contract Interaction | Link: https://creditcoin.blockscout.com/tx/0xb9c89d76570b337e53ba8c4d053a7db093a4b68c9f9497b583be91bc3e242855",Contract Interaction,0xb9c89d76570b337e53ba8c4d053a7db093a4b68c9f9497b583be91bc3e242855
11/21/2025 03:46:15,,,0,CTC,0.000142345,CTC,"Token Approval | Link: https://creditcoin.blockscout.com/tx/0x3515b450246a66bd9a3b1c4a45104f8666992db9b2b1fa50b7b8f89fc390e359",Contract Interaction,0x3515b450246a66bd9a3b1c4a45104f8666992db9b2b1fa50b7b8f89fc390e359
11/21/2025 03:44:15,,,0,CTC,0.002376696,CTC,"Contract Interaction | Link: https://creditcoin.blockscout.com/tx/0xba4e36bfca917a3e770a93d8ee45282b7ac9c0d55182f7e6be318d48182647b8",Contract Interaction,0xba4e36bfca917a3e770a93d8ee45282b7ac9c0d55182f7e6be318d48182647b8
11/21/2025 03:44:00,,,0,CTC,0.000142345,CTC,"Token Approval | Link: https://creditcoin.blockscout.com/tx/0x27b4405116d9575f3a5a388f33dbd267234391ad4395c0c8d3ee2e2a5c71b9b0",Contract Interaction,0x27b4405116d9575f3a5a388f33dbd267234391ad4395c0c8d3ee2e2a5c71b9b0
11/21/2025 03:43:15,,,0,CTC,0.002376696,CTC,"Contract Interaction | Link: https://creditcoin.blockscout.com/tx/0x688ad13807c7af7f3384bc8547603792b557d96032aff978ceac42000596c5c3",Contract Interaction,0x688ad13807c7af7f3384bc8547603792b557d96032aff978ceac42000596c5c3
11/21/2025 03:43:00,,,0,CTC,0.000142345,CTC,"Token Approval | Link: https://creditcoin.blockscout.com/tx/0x499930d8c7187db508cd1d7052158e9811584ada7878236ec08a292914b9d6cf",Contract Interaction,0x499930d8c7187db508cd1d7052158e9811584ada7878236ec08a292914b9d6cf
11/21/2025 03:42:30,,,0,CTC,0.002369444,CTC,"Swap (Exact Input Single) | Link: https://creditcoin.blockscout.com/tx/0xb642856a1a133b0ab92c23d8d3e5d1f80cd0a988640c43df50b86f3af6a1a9d7",swap,0xb642856a1a133b0ab92c23d8d3e5d1f80cd0a988640c43df50b86f3af6a1a9d7
11/21/2025 03:40:45,,,0,CTC,0.002376696,CTC,"Contract Interaction | Link: https://creditcoin.blockscout.com/tx/0x556652a055b271cd7ca71a592d38a54bf51c535bdf2bc241690dfb818d7b7525",Contract Interaction,0x556652a055b271cd7ca71a592d38a54bf51c535bdf2bc241690dfb818d7b7525
11/21/2025 03:40:30,,,0,CTC,0.000453887,CTC,"Token Approval | Link: https://creditcoin.blockscout.com/tx/0xadb343f91813fdeb43727e4193323ef1f31b3a000e193ad8eaff36c01fb69036",Contract Interaction,0xadb343f91813fdeb43727e4193323ef1f31b3a000e193ad8eaff36c01fb69036
11/20/2025 14:23:00,,,15.995145765360717182,CTC,0.004085424,CTC,"Contract Interaction | Link: https://creditcoin.blockscout.com/tx/0x43139a680f292dd71470132637276962eaa64046dbe71d988c2022e4e2dc89f3",Contract Interaction,0x43139a680f292dd71470132637276962eaa64046dbe71d988c2022e4e2dc89f3
11/20/2025 14:22:30,,,0,CTC,0.000453887,CTC,"Token Approval | Link: https://creditcoin.blockscout.com/tx/0xa1e09dc6d5d6ce5c959ce7cc1abddffcae015a88d07e17af9dfd338d59bd162e",Contract Interaction,0xa1e09dc6d5d6ce5c959ce7cc1abddffcae015a88d07e17af9dfd338d59bd162e
11/20/2025 14:21:15,,,0,CTC,0.002376696,CTC,"Contract Interaction | Link: https://creditcoin.blockscout.com/tx/0xddd719a42f4ad68215dfe2a76043284b49fa750b3844c7b318517cac5cb40014",Contract Interaction,0xddd719a42f4ad68215dfe2a76043284b49fa750b3844c7b318517cac5cb40014
11/20/2025 14:21:00,,,0,CTC,0.000142345,CTC,"Token Approval | Link: https://creditcoin.blockscout.com/tx/0x9cd5d00528522efde1a3bfbf1efc44281f52a803276143b9c5693c8d935f1b40",Contract Interaction,0x9cd5d00528522efde1a3bfbf1efc44281f52a803276143b9c5693c8d935f1b40
11/18/2025 06:00:15,,,10000,CTC,0.000137592,CTC,"Deposit | Link: https://creditcoin.blockscout.com/tx/0xe4f94ae15ee53216519bafe5ba52ae527b06312b21e59d254ecf8ef59d90b76e",Contract Interaction,0xe4f94ae15ee53216519bafe5ba52ae527b06312b21e59d254ecf8ef59d90b76e
11/18/2025 05:59:45,,,0,CTC,0.002369444,CTC,"Swap (Exact Input Single) | Link: https://creditcoin.blockscout.com/tx/0x914764360a475c7f6db8133c5ecac3a1bdab69c6d620312b890a447461806291",swap,0x914764360a475c7f6db8133c5ecac3a1bdab69c6d620312b890a447461806291
11/18/2025 05:58:45,,,0,CTC,0.002369444,CTC,"Swap (Exact Input Single) | Link: https://creditcoin.blockscout.com/tx/0xc6c56c864fd6af4f71e4d4615595738871cbecfe399a37f77169a2699fed671e",swap,0xc6c56c864fd6af4f71e4d4615595738871cbecfe399a37f77169a2699fed671e
11/18/2025 05:57:15,,,0,CTC,0.000453887,CTC,"Token Approval | Link: https://creditcoin.blockscout.com/tx/0x691cdb079bc9ebc9a175a2f1dbae800a1306c3d76c9439c92906a15afdfa04e0",Contract Interaction,0x691cdb079bc9ebc9a175a2f1dbae800a1306c3d76c9439c92906a15afdfa04e0
11/18/2025 04:10:00,,,0,CTC,0.002369444,CTC,"Swap (Exact Input Single) | Link: https://creditcoin.blockscout.com/tx/0x8801c0d42d39f51061aadec5d19f75c9bcd646d4fbd4e30991a38800e83ac4db",swap,0x8801c0d42d39f51061aadec5d19f75c9bcd646d4fbd4e30991a38800e83ac4db
11/18/2025 04:08:00,,,0,CTC,0.002436623,CTC,"Multicall | Link: https://creditcoin.blockscout.com/tx/0xe58aa9198e7c140c1c1815384e5731836b09d641f5e6b3877a8e29900035b954",Contract Interaction,0xe58aa9198e7c140c1c1815384e5731836b09d641f5e6b3877a8e29900035b954
11/17/2025 06:14:00,,,0,CTC,0.002376696,CTC,"Contract Interaction | Link: https://creditcoin.blockscout.com/tx/0x69e8072585f3ce948f849528e9b8256367d6f3c25e887f2740c5cb15cd5a9b2b",Contract Interaction,0x69e8072585f3ce948f849528e9b8256367d6f3c25e887f2740c5cb15cd5a9b2b
11/17/2025 06:13:45,,,0,CTC,0.000142345,CTC,"Token Approval | Link: https://creditcoin.blockscout.com/tx/0xffac8c92135bf50016dfe70d12214e26a32f9faf319a61d2786680ba7e5679a2",Contract Interaction,0xffac8c92135bf50016dfe70d12214e26a32f9faf319a61d2786680ba7e5679a2
11/17/2025 06:12:15,,,0,CTC,0.002376696,CTC,"Contract Interaction | Link: https://creditcoin.blockscout.com/tx/0x36806abdd74b8746ce7fc265209745a173e900f084f5d39e60c9467eb1114f14",Contract Interaction,0x36806abdd74b8746ce7fc265209745a173e900f084f5d39e60c9467eb1114f14
11/17/2025 06:11:45,,,0,CTC,0.000142345,CTC,"Token Approval | Link: https://creditcoin.blockscout.com/tx/0xe98087476a9b9e6cd8356ad4cd9db7761ac11b9e341bd54c1baad0c004c3e10f",Contract Interaction,0xe98087476a9b9e6cd8356ad4cd9db7761ac11b9e341bd54c1baad0c004c3e10f
11/16/2025 13:28:00,,,0,CTC,0.002369444,CTC,"Swap (Exact Input Single) | Link: https://creditcoin.blockscout.com/tx/0xae81f3a18c8a4c13558bd325317cb7700f413bcdc0d393a523367cea076148be",swap,0xae81f3a18c8a4c13558bd325317cb7700f413bcdc0d393a523367cea076148be
11/14/2025 14:27:45,,,0,CTC,0.002369444,CTC,"Swap (Exact Input Single) | Link: https://creditcoin.blockscout.com/tx/0xb518e740793a45e8b5d08d9e424104b6b9a1162673b3a626e064dfb62e17db96",swap,0xb518e740793a45e8b5d08d9e424104b6b9a1162673b3a626e064dfb62e17db96
11/14/2025 04:47:45,,,0,CTC,0.002376696,CTC,"Contract Interaction | Link: https://creditcoin.blockscout.com/tx/0x293751433956f38f9cb4a1acab99b4967017e45a577df852b30d0e488b76b9b5",Contract Interaction,0x293751433956f38f9cb4a1acab99b4967017e45a577df852b30d0e488b76b9b5
11/14/2025 04:47:15,,,0,CTC,0.000142345,CTC,"Token Approval | Link: https://creditcoin.blockscout.com/tx/0xa1f414ceb9db2cde18f59108f337a47e63ad9626bfe3d9839a6499fc4bc98bb0",Contract Interaction,0xa1f414ceb9db2cde18f59108f337a47e63ad9626bfe3d9839a6499fc4bc98bb0
11/14/2025 04:46:00,,,0,CTC,0.002376696,CTC,"Contract Interaction | Link: https://creditcoin.blockscout.com/tx/0x1e9515d8cce307cfdd638b510a23b918eb26673afadf791b5dfc4e89ccef421f",Contract Interaction,0x1e9515d8cce307cfdd638b510a23b918eb26673afadf791b5dfc4e89ccef421f
11/14/2025 04:45:45,,,0,CTC,0.000142345,CTC,"Token Approval | Link: https://creditcoin.blockscout.com/tx/0xc59e434ea9f4f723a31d8228e95bc5e0eb30dabba8011c371ae39e04a2b9f192",Contract Interaction,0xc59e434ea9f4f723a31d8228e95bc5e0eb30dabba8011c371ae39e04a2b9f192
11/14/2025 04:44:15,,,0,CTC,0.002376696,CTC,"Contract Interaction | Link: https://creditcoin.blockscout.com/tx/0xce102e1ddf3591c4abec9788761f6f5b26220dcbd486a144d5a4b8c65103aabd",Contract Interaction,0xce102e1ddf3591c4abec9788761f6f5b26220dcbd486a144d5a4b8c65103aabd
11/14/2025 04:43:45,,,0,CTC,0.000142345,CTC,"Token Approval | Link: https://creditcoin.blockscout.com/tx/0x049aeea36d89ccb197513b07ab5f5d3e8bb89c885fa75855fe69e0593e393b71",Contract Interaction,0x049aeea36d89ccb197513b07ab5f5d3e8bb89c885fa75855fe69e0593e393b71
11/13/2025 15:00:15,3541.999255228505718262,CTC,,,,,"Received CTC | Link: https://creditcoin.blockscout.com/tx/0x9a5dc6d969ab87301b17bbab9fe9ad0962e9d33fad1e7cf10c2f906751b431c4",receive,0x9a5dc6d969ab87301b17bbab9fe9ad0962e9d33fad1e7cf10c2f906751b431c4
11/12/2025 07:19:15,,,0,CTC,0.002369444,CTC,"Swap (Exact Input Single) | Link: https://creditcoin.blockscout.com/tx/0x95891fe5ec6b7c5d652f5b5b9f86dbf68a6f0d5ca99901b95796953501b3e011",swap,0x95891fe5ec6b7c5d652f5b5b9f86dbf68a6f0d5ca99901b95796953501b3e011
11/11/2025 08:24:45,,,0,CTC,0.002375128,CTC,"Swap (Exact Input Single) | Link: https://creditcoin.blockscout.com/tx/0xf176a4c121fb62344282ad2a8ffe08387b7dfd177df9fe42e027519b18ff39a5",swap,0xf176a4c121fb62344282ad2a8ffe08387b7dfd177df9fe42e027519b18ff39a5
11/11/2025 08:23:30,,,0,CTC,0.002369444,CTC,"Swap (Exact Input Single) | Link: https://creditcoin.blockscout.com/tx/0xd564b5cd8f509e8d7732a35ae1a920c19de103c931c2654b46073d967c92367c",swap,0xd564b5cd8f509e8d7732a35ae1a920c19de103c931c2654b46073d967c92367c
11/11/2025 06:49:30,,,0,CTC,0.002369444,CTC,"Swap (Exact Input Single) | Link: https://creditcoin.blockscout.com/tx/0x2272c14a84d87d7a04e7e8e0c58cd712ccd963d59b3ffd72b412142a3b0d1e0c",swap,0x2272c14a84d87d7a04e7e8e0c58cd712ccd963d59b3ffd72b412142a3b0d1e0c
11/11/2025 05:43:30,,,0,CTC,0.002369444,CTC,"Swap (Exact Input Single) | Link: https://creditcoin.blockscout.com/tx/0xfa8711768e477f44ff3777795066f4545b936693ec65ffc1c6edcacb6b6ac7a5",swap,0xfa8711768e477f44ff3777795066f4545b936693ec65ffc1c6edcacb6b6ac7a5
11/10/2025 19:27:30,,,0,CTC,0.000468314,CTC,"Token Transfer | Link: https://creditcoin.blockscout.com/tx/0xc86d1416f9af3bb6e247f486db31c4a5145e30c76ae4f5e324f5334440d73058",payment,0xc86d1416f9af3bb6e247f486db31c4a5145e30c76ae4f5e324f5334440d73058
11/10/2025 18:35:00,,,0,CTC,0.002369444,CTC,"Swap (Exact Input Single) | Link: https://creditcoin.blockscout.com/tx/0x838d79c57af644b18314fc7ed544ae700587f25a5dca8fb396d35e2953ed50cc",swap,0x838d79c57af644b18314fc7ed544ae700587f25a5dca8fb396d35e2953ed50cc
11/10/2025 14:55:00,,,0,CTC,0.002369444,CTC,"Swap (Exact Input Single) | Link: https://creditcoin.blockscout.com/tx/0x2cd71d27e328db91ccda558b54033975d19b6f231570e43b2d98ceec57b35208",swap,0x2cd71d27e328db91ccda558b54033975d19b6f231570e43b2d98ceec57b35208
11/10/2025 09:53:15,,,0,CTC,0.002369444,CTC,"Swap (Exact Input Single) | Link: https://creditcoin.blockscout.com/tx/0x179904ccd2292463a587c560b84c5347e32cbbfb609dfd670729450352f5e783",swap,0x179904ccd2292463a587c560b84c5347e32cbbfb609dfd670729450352f5e783
11/10/2025 05:11:45,,,0,CTC,0.002369444,CTC,"Swap (Exact Input Single) | Link: https://creditcoin.blockscout.com/tx/0xd9ee9e5fd69b02cffc00824ec04f7e7b69b2f83b7f0af5efb900c39a87465213",swap,0xd9ee9e5fd69b02cffc00824ec04f7e7b69b2f83b7f0af5efb900c39a87465213
11/09/2025 17:01:45,,,30200,CTC,0.000014175,CTC,"Sent CTC | Link: https://creditcoin.blockscout.com/tx/0xc92a800a000d7ca38e3eb329e3bb2be054926c7d4de2385c53d99d9d327dbb34",payment,0xc92a800a000d7ca38e3eb329e3bb2be054926c7d4de2385c53d99d9d327dbb34
11/09/2025 17:01:15,,,0,CTC,0.00015729,CTC,"Withdraw | Link: https://creditcoin.blockscout.com/tx/0x6845ac20cd3c970038f02d82f876f790b46e806d9da1f1beff30f34d64fb83ad",Contract Interaction,0x6845ac20cd3c970038f02d82f876f790b46e806d9da1f1beff30f34d64fb83ad
11/09/2025 17:00:30,,,0,CTC,0.002369444,CTC,"Swap (Exact Input Single) | Link: https://creditcoin.blockscout.com/tx/0x7a2a98465e67360dd4948d59617d6028a61f62fea042c95edb578a9654360905",swap,0x7a2a98465e67360dd4948d59617d6028a61f62fea042c95edb578a9654360905
11/09/2025 13:17:15,,,0,CTC,0.002442307,CTC,"Multicall | Link: https://creditcoin.blockscout.com/tx/0xd39a8a9d5bddc539571d1205a87cab7698e1ca2b8a2538e33987436036b03d53",Contract Interaction,0xd39a8a9d5bddc539571d1205a87cab7698e1ca2b8a2538e33987436036b03d53
11/09/2025 13:15:00,,,0,CTC,0.002369444,CTC,"Swap (Exact Input Single) | Link: https://creditcoin.blockscout.com/tx/0xe2cca32eae1a432642dda8783d9c709779f94376a11ffa81d46b150f861d0657",swap,0xe2cca32eae1a432642dda8783d9c709779f94376a11ffa81d46b150f861d0657
11/09/2025 08:01:30,,,0,CTC,0.002369444,CTC,"Swap (Exact Input Single) | Link: https://creditcoin.blockscout.com/tx/0x63c42eb2ced0debcd73dcc6bddedad13d8e0e9283ff8fc826424d9c9184acf19",swap,0x63c42eb2ced0debcd73dcc6bddedad13d8e0e9283ff8fc826424d9c9184acf19
11/08/2025 20:58:30,,,4700,CTC,0.000137592,CTC,"Deposit | Link: https://creditcoin.blockscout.com/tx/0x34094f2294fdb744f3cc595ea6dbf2fe3dd5199da3f14122482c1855f1eb1603",Contract Interaction,0x34094f2294fdb744f3cc595ea6dbf2fe3dd5199da3f14122482c1855f1eb1603
11/08/2025 20:54:30,,,0,CTC,0.002436623,CTC,"Multicall | Link: https://creditcoin.blockscout.com/tx/0x2eeeb2a6fa04a5d1cf1515bbeb2b45fa8bea9002fe942bb33f707006e9b0dd13",Contract Interaction,0x2eeeb2a6fa04a5d1cf1515bbeb2b45fa8bea9002fe942bb33f707006e9b0dd13
11/08/2025 15:38:30,,,0,CTC,0.002369444,CTC,"Swap (Exact Input Single) | Link: https://creditcoin.blockscout.com/tx/0x73e507c8c52c9bcf8afae180ab0d9f163ee80988ea451d3feede58639829b3cc",swap,0x73e507c8c52c9bcf8afae180ab0d9f163ee80988ea451d3feede58639829b3cc
11/08/2025 15:36:15,,,8000,CTC,0.000137592,CTC,"Deposit | Link: https://creditcoin.blockscout.com/tx/0xf4771f486d443453423608ca7b4df4f84e1a629556200dc1719212784baae3e6",Contract Interaction,0xf4771f486d443453423608ca7b4df4f84e1a629556200dc1719212784baae3e6
11/08/2025 15:22:30,,,80000,CTC,0.000014175,CTC,"Sent CTC | Link: https://creditcoin.blockscout.com/tx/0xcb91a50626c2b027eadf424dac923645f53b966d22bbcce67209260ef0f1c668",payment,0xcb91a50626c2b027eadf424dac923645f53b966d22bbcce67209260ef0f1c668
11/08/2025 15:21:00,,,0,CTC,0.00015729,CTC,"Withdraw | Link: https://creditcoin.blockscout.com/tx/0x709cac681c0f7448480c0bfe348784c3666b2b195fc2e3bdf22827b01e0f906c",Contract Interaction,0x709cac681c0f7448480c0bfe348784c3666b2b195fc2e3bdf22827b01e0f906c
11/08/2025 12:41:30,,,1,CTC,0.000014175,CTC,"Sent CTC | Link: https://creditcoin.blockscout.com/tx/0xcaaddd51670122fe78e30244ff328ab53e3e4ebacb7258e5cfac0b78e6e8b9f2",payment,0xcaaddd51670122fe78e30244ff328ab53e3e4ebacb7258e5cfac0b78e6e8b9f2
11/08/2025 11:01:45,,,0,CTC,0.002375128,CTC,"Swap (Exact Input Single) | Link: https://creditcoin.blockscout.com/tx/0x663d131f8763477f91c4b11115c0a625f966720d4085bed8deb3597a6c60a5a2",swap,0x663d131f8763477f91c4b11115c0a625f966720d4085bed8deb3597a6c60a5a2
11/08/2025 11:00:15,,,0,CTC,0.002369444,CTC,"Swap (Exact Input Single) | Link: https://creditcoin.blockscout.com/tx/0x417e41cfb819a844039c4889f2493fbefa7f2c95d6279014c5318569a29a2666",swap,0x417e41cfb819a844039c4889f2493fbefa7f2c95d6279014c5318569a29a2666
11/08/2025 10:15:45,,,0,CTC,0.002436623,CTC,"Multicall | Link: https://creditcoin.blockscout.com/tx/0x1e0245edd5fe8f0527b76bdd809dffabe5d7b3b8226f0a447a073ba59262c96f",Contract Interaction,0x1e0245edd5fe8f0527b76bdd809dffabe5d7b3b8226f0a447a073ba59262c96f
11/08/2025 08:49:30,,,5000,CTC,0.000137592,CTC,"Deposit | Link: https://creditcoin.blockscout.com/tx/0x112b8d11bfb6d0e4f709460a7590676067620b89367582e24ee1b670fd04611c",Contract Interaction,0x112b8d11bfb6d0e4f709460a7590676067620b89367582e24ee1b670fd04611c
11/08/2025 08:49:00,,,0,CTC,0.002369444,CTC,"Swap (Exact Input Single) | Link: https://creditcoin.blockscout.com/tx/0xbdbc614d02f935eafef514664f0f0751bd71c507426213fd6d9611ae331437d3",swap,0xbdbc614d02f935eafef514664f0f0751bd71c507426213fd6d9611ae331437d3
11/08/2025 06:59:15,,,0,CTC,0.002436623,CTC,"Multicall | Link: https://creditcoin.blockscout.com/tx/0xd01e86c755e55df2315514121a833ac22a888a1a0f31ce2dc736779aa5754739",Contract Interaction,0xd01e86c755e55df2315514121a833ac22a888a1a0f31ce2dc736779aa5754739
11/07/2025 13:21:00,,,0,CTC,0.002369444,CTC,"Swap (Exact Input Single) | Link: https://creditcoin.blockscout.com/tx/0x5eca95d491d05f0ff597303723fff8f5e052907d2e036e581a1199ff7a9b8ec8",swap,0x5eca95d491d05f0ff597303723fff8f5e052907d2e036e581a1199ff7a9b8ec8
11/07/2025 11:37:00,,,0,CTC,0.000468314,CTC,"Token Transfer | Link: https://creditcoin.blockscout.com/tx/0x58ae05914e778be9b43238163658bb587ba7ad5bcf41e5d266dcfec63766dd8e",payment,0x58ae05914e778be9b43238163658bb587ba7ad5bcf41e5d266dcfec63766dd8e
11/07/2025 11:05:30,,,13.876293651939178648,CTC,0.003712436,CTC,"Contract Interaction | Link: https://creditcoin.blockscout.com/tx/0x5c77f566e4ecb65323fced269beb1e561ff19ecd713407f02dc1aa440d8bb408",Contract Interaction,0x5c77f566e4ecb65323fced269beb1e561ff19ecd713407f02dc1aa440d8bb408
11/07/2025 11:04:45,,,4100,CTC,0.000137592,CTC,"Deposit | Link: https://creditcoin.blockscout.com/tx/0x96876a7fe74868a7de1dcbe9ba718319b8d125f061191431a5253852420b8d7e",Contract Interaction,0x96876a7fe74868a7de1dcbe9ba718319b8d125f061191431a5253852420b8d7e
11/07/2025 10:17:45,,,0,CTC,0.002369444,CTC,"Swap (Exact Input Single) | Link: https://creditcoin.blockscout.com/tx/0x5d88b8aebc2d4817a381032999baf0a299bc58bc77c095ab667c190eac0f09dc",swap,0x5d88b8aebc2d4817a381032999baf0a299bc58bc77c095ab667c190eac0f09dc
11/07/2025 09:57:15,,,0,CTC,0.002369444,CTC,"Swap (Exact Input Single) | Link: https://creditcoin.blockscout.com/tx/0x26e7e4289e422265f90e18c30bef51a017541d36cbf34228d62216f4fe0154f6",swap,0x26e7e4289e422265f90e18c30bef51a017541d36cbf34228d62216f4fe0154f6
11/05/2025 08:56:45,,,0,CTC,0.002369444,CTC,"Swap (Exact Input Single) | Link: https://creditcoin.blockscout.com/tx/0x0a2c1151090c5fb2120209c5bcde136a1fe87d2947eb4d5f0cf2596bba2b8537",swap,0x0a2c1151090c5fb2120209c5bcde136a1fe87d2947eb4d5f0cf2596bba2b8537
11/05/2025 08:48:45,,,0,CTC,0.002369444,CTC,"Swap (Exact Input Single) | Link: https://creditcoin.blockscout.com/tx/0xe65371cfd8969baf9f5a10d3c9c865752e267b037977914818d5d05be99184ff",swap,0xe65371cfd8969baf9f5a10d3c9c865752e267b037977914818d5d05be99184ff
11/05/2025 07:49:45,,,0,CTC,0.002436623,CTC,"Multicall | Link: https://creditcoin.blockscout.com/tx/0xebc063d4316315c7aad91978dc796a3ee03f8150abf43136528d2438eeb8a835",Contract Interaction,0xebc063d4316315c7aad91978dc796a3ee03f8150abf43136528d2438eeb8a835
11/05/2025 06:26:45,,,0,CTC,0.000468314,CTC,"Token Transfer | Link: https://creditcoin.blockscout.com/tx/0x92f7152f6d78806383a8c481b6c720d5331083f02056c9490fb1c330d1c9108f",payment,0x92f7152f6d78806383a8c481b6c720d5331083f02056c9490fb1c330d1c9108f
11/04/2025 18:05:30,,,5858,CTC,0.000137592,CTC,"Deposit | Link: https://creditcoin.blockscout.com/tx/0x977b5294978834b9f81e6d22b2e0d29baf2db5f28552976ce125632bfa7d0f08",Contract Interaction,0x977b5294978834b9f81e6d22b2e0d29baf2db5f28552976ce125632bfa7d0f08
11/04/2025 17:58:45,,,0,CTC,0.002436623,CTC,"Multicall | Link: https://creditcoin.blockscout.com/tx/0x18a21df25ee3cdb205fb3d6d43efa198bc4dbbcda311d6c76cef578edcf0c446",Contract Interaction,0x18a21df25ee3cdb205fb3d6d43efa198bc4dbbcda311d6c76cef578edcf0c446
11/04/2025 13:03:45,,,0,CTC,0.000468314,CTC,"Token Transfer | Link: https://creditcoin.blockscout.com/tx/0xaa4a0ca5df87faac8b09b879c7ec093b8b2ccfb4ab930ece22430280a4bca358",payment,0xaa4a0ca5df87faac8b09b879c7ec093b8b2ccfb4ab930ece22430280a4bca358
11/04/2025 12:31:30,,,0,CTC,0.002369444,CTC,"Swap (Exact Input Single) | Link: https://creditcoin.blockscout.com/tx/0x3c481c7e2456bcaea72e24950c9bccd42d8521dbb0ccc4be925cb216862f8990",swap,0x3c481c7e2456bcaea72e24950c9bccd42d8521dbb0ccc4be925cb216862f8990
11/04/2025 09:45:15,,,0,CTC,0.000468314,CTC,"Token Transfer | Link: https://creditcoin.blockscout.com/tx/0x973a9e43c3c4039c7bf03d6651a12dc100fa10d769c078be4a2cd681ae2395ea",payment,0x973a9e43c3c4039c7bf03d6651a12dc100fa10d769c078be4a2cd681ae2395ea
11/04/2025 09:44:15,,,0,CTC,0.0001137334,CTC,"Token Transfer | Link: https://creditcoin.blockscout.com/tx/0x1335549d0264ec0ca981a327b10e81b525e192b6fb9cbe5d1328af4eba093e86",payment,0x1335549d0264ec0ca981a327b10e81b525e192b6fb9cbe5d1328af4eba093e86
11/04/2025 09:43:15,,,0,CTC,0.0000903177,CTC,"Token Transfer | Link: https://creditcoin.blockscout.com/tx/0x1cf76fcabb5d1a4930e9779ce5f6dda27d54deaf4f13dc6a519e5359d891a45f",payment,0x1cf76fcabb5d1a4930e9779ce5f6dda27d54deaf4f13dc6a519e5359d891a45f
11/04/2025 09:42:30,,,0,CTC,0.0000903177,CTC,"Token Transfer | Link: https://creditcoin.blockscout.com/tx/0xda6538d06aa1568843f2eafd914f0fde2d8ca46bc15b6c4732255c0d8385c38a",payment,0xda6538d06aa1568843f2eafd914f0fde2d8ca46bc15b6c4732255c0d8385c38a
11/04/2025 02:01:30,,,0.651092830907872289,CTC,0.011137308,CTC,"Contract Interaction | Link: https://creditcoin.blockscout.com/tx/0x5771dc2bc400f780cfcad67cd3bbee42d6c29a237a6158be5030d1ad9615386e",Contract Interaction,0x5771dc2bc400f780cfcad67cd3bbee42d6c29a237a6158be5030d1ad9615386e
11/04/2025 02:01:00,,,0,CTC,0.0004837035,CTC,"Token Approval | Link: https://creditcoin.blockscout.com/tx/0xe42fc69b7cc6a5b8848f23d7ac0feeb07993a54cae910a2946d7a4538d787219",Contract Interaction,0xe42fc69b7cc6a5b8848f23d7ac0feeb07993a54cae910a2946d7a4538d787219
11/03/2025 13:41:30,,,96922,CTC,0.000137592,CTC,"Deposit | Link: https://creditcoin.blockscout.com/tx/0xdb39aff890420139d1333a58b4bcb6c50c293c2498bf6e093e453e4b9bce017a",Contract Interaction,0xdb39aff890420139d1333a58b4bcb6c50c293c2498bf6e093e453e4b9bce017a
11/03/2025 13:39:45,,,0,CTC,0.002436623,CTC,"Multicall | Link: https://creditcoin.blockscout.com/tx/0x6292997fdd8659a1fd806356128062fbc14b0ee533c82fb92b4cba7eb2ba0692",Contract Interaction,0x6292997fdd8659a1fd806356128062fbc14b0ee533c82fb92b4cba7eb2ba0692
11/03/2025 10:51:00,,,0,CTC,0.002436623,CTC,"Multicall | Link: https://creditcoin.blockscout.com/tx/0xeaa7c2cca1f6d208ab2fd2515088d52705b091cff9bbbf261ec9fcec3b91507d",Contract Interaction,0xeaa7c2cca1f6d208ab2fd2515088d52705b091cff9bbbf261ec9fcec3b91507d
11/03/2025 10:45:30,,,0,CTC,0.002436623,CTC,"Multicall | Link: https://creditcoin.blockscout.com/tx/0xf595d4c9337af9ca6b90b385eb6c530faea28a911670595bc71769a05ba91a93",Contract Interaction,0xf595d4c9337af9ca6b90b385eb6c530faea28a911670595bc71769a05ba91a93
11/03/2025 10:04:00,,,0,CTC,0.002436623,CTC,"Multicall | Link: https://creditcoin.blockscout.com/tx/0x787beed15b8ae0dc4cf3cd1d5d7f17fe0c36eee364a86eff06d87231af0bd1bb",Contract Interaction,0x787beed15b8ae0dc4cf3cd1d5d7f17fe0c36eee364a86eff06d87231af0bd1bb
11/03/2025 09:04:30,,,0,CTC,0.002436623,CTC,"Multicall | Link: https://creditcoin.blockscout.com/tx/0x500bda7dbe1eb24c607d84aff83bb8ee14a86ca869c2c7a5fa8d45f85afbf2ec",Contract Interaction,0x500bda7dbe1eb24c607d84aff83bb8ee14a86ca869c2c7a5fa8d45f85afbf2ec
11/03/2025 09:03:15,,,0,CTC,0.002442307,CTC,"Multicall | Link: https://creditcoin.blockscout.com/tx/0x5b90f77f86a4a13aa973ca6f249e1330a1ea6bf71bac6b82d21412979bc2b402",Contract Interaction,0x5b90f77f86a4a13aa973ca6f249e1330a1ea6bf71bac6b82d21412979bc2b402
11/03/2025 04:39:15,,,0,CTC,0.002436623,CTC,"Multicall | Link: https://creditcoin.blockscout.com/tx/0xb5d9581e3557cf725bc2b31857034c97bcd56ada7e03391970fb757493d33a54",Contract Interaction,0xb5d9581e3557cf725bc2b31857034c97bcd56ada7e03391970fb757493d33a54
11/02/2025 12:47:30,,,0,CTC,0.002465043,CTC,"Multicall | Link: https://creditcoin.blockscout.com/tx/0x21b8451a27ba134c692d1bc23417a4711a5321b98ee9eb4277ddd33b36590ef6",Contract Interaction,0x21b8451a27ba134c692d1bc23417a4711a5321b98ee9eb4277ddd33b36590ef6
11/02/2025 12:38:30,,,0,CTC,0.002436623,CTC,"Multicall | Link: https://creditcoin.blockscout.com/tx/0x7c2ddbc8e3d1da5a92120b62489a9d902b2248c6084a6b7f1cadbbbef9b4d669",Contract Interaction,0x7c2ddbc8e3d1da5a92120b62489a9d902b2248c6084a6b7f1cadbbbef9b4d669
11/01/2025 14:10:45,,,0,CTC,0.002436623,CTC,"Multicall | Link: https://creditcoin.blockscout.com/tx/0xe16ed8dd25a6831be400d10fa7b03f20a109f83bce87fc0abbdbf26d910a2bde",Contract Interaction,0xe16ed8dd25a6831be400d10fa7b03f20a109f83bce87fc0abbdbf26d910a2bde
11/01/2025 14:08:45,,,0,CTC,0.00028,CTC,"Multicall | Link: https://creditcoin.blockscout.com/tx/0x2954e5b97ac8f9d8f521e70633fe7ee47374306ee737864b79ad99f1455854a2",Contract Interaction,0x2954e5b97ac8f9d8f521e70633fe7ee47374306ee737864b79ad99f1455854a2
11/01/2025 14:07:45,,,0,CTC,0.00047101635,CTC,"Multicall | Link: https://creditcoin.blockscout.com/tx/0xaad6253888f594aa948a12a89a53d88f7597de2f014612c8d23db1e7b41705f4",Contract Interaction,0xaad6253888f594aa948a12a89a53d88f7597de2f014612c8d23db1e7b41705f4
11/01/2025 05:34:45,,,3,CTC,0.04122704405085,CTC,"Sent CTC | Link: https://creditcoin.blockscout.com/tx/0x7dbe7866ff5a97ae790b59ef03a3957c9436952090981ca4a4447f267c0db328",payment,0x7dbe7866ff5a97ae790b59ef03a3957c9436952090981ca4a4447f267c0db328
10/30/2025 12:48:45,20655.212538669106731392,CTC,,,,,"Received CTC | Link: https://creditcoin.blockscout.com/tx/0xcc1f5e4418d8be402189ee9a4fd98cb6a5be5f1aaa2b3d62c9637c0afe423ac5",receive,0xcc1f5e4418d8be402189ee9a4fd98cb6a5be5f1aaa2b3d62c9637c0afe423ac5
10/30/2025 12:47:30,,,0,CTC,0.00008988,CTC,"Withdraw | Link: https://creditcoin.blockscout.com/tx/0x9727b51a0dc9a93a51838c2f871aa01ffef91ba032c5589a3c379edd2ef5ed48",Contract Interaction,0x9727b51a0dc9a93a51838c2f871aa01ffef91ba032c5589a3c379edd2ef5ed48
10/30/2025 08:37:30,,,0,CTC,0.000696178,CTC,"Multicall | Link: https://creditcoin.blockscout.com/tx/0xff94e330c9825f94e6c56e4037be28607b17c9b1547b5441e9e2f55a1a8f0cfb",Contract Interaction,0xff94e330c9825f94e6c56e4037be28607b17c9b1547b5441e9e2f55a1a8f0cfb
10/30/2025 08:22:15,,,0,CTC,0.000696178,CTC,"Multicall | Link: https://creditcoin.blockscout.com/tx/0x6c58ba7bb947d7bb39f21fa8482b96a4e86b030a32f9b66e7e3bdd235858a710",Contract Interaction,0x6c58ba7bb947d7bb39f21fa8482b96a4e86b030a32f9b66e7e3bdd235858a710
10/30/2025 08:18:30,,,0,CTC,0.000696178,CTC,"Multicall | Link: https://creditcoin.blockscout.com/tx/0x5b6a9c12d236a59ea36d8cad0ba68686e18c23273f578656f2d7019d8a5dec20",Contract Interaction,0x5b6a9c12d236a59ea36d8cad0ba68686e18c23273f578656f2d7019d8a5dec20
10/30/2025 08:16:45,,,0,CTC,0.000676984,CTC,"Swap (Exact Input Single) | Link: https://creditcoin.blockscout.com/tx/0xf553ede1b7a29142172bfe127cf6ecf33094405d4212e79594959ecfea10c78b",swap,0xf553ede1b7a29142172bfe127cf6ecf33094405d4212e79594959ecfea10c78b
10/29/2025 19:45:15,,,0,CTC,0.000704298,CTC,"Multicall | Link: https://creditcoin.blockscout.com/tx/0x49ff9d4fea54ede5286dd01185c5123628bf0599f148596e5ccfd47e5b7787eb",Contract Interaction,0x49ff9d4fea54ede5286dd01185c5123628bf0599f148596e5ccfd47e5b7787eb
10/29/2025 19:44:30,,,0,CTC,0.000129682,CTC,"Token Approval | Link: https://creditcoin.blockscout.com/tx/0x0db369175bc38761b7d14962fd21e38753bc9cab0a1056b4017acbdb4ba46121",Contract Interaction,0x0db369175bc38761b7d14962fd21e38753bc9cab0a1056b4017acbdb4ba46121
10/29/2025 13:25:15,,,1,CTC,0.000014175,CTC,"Sent CTC | Link: https://creditcoin.blockscout.com/tx/0x5b088f44da92ab990455885c862b1d876ce13f6695eee129903e71298404883f",payment,0x5b088f44da92ab990455885c862b1d876ce13f6695eee129903e71298404883f
10/29/2025 06:39:00,10.999985825,CTC,,,,,"Received CTC | Link: https://creditcoin.blockscout.com/tx/0xe97269268e7a6f213f01915e3cfab27aed274d98454fca7cef65fddeacb17e5d",receive,0xe97269268e7a6f213f01915e3cfab27aed274d98454fca7cef65fddeacb17e5d
10/28/2025 21:35:15,,,11,CTC,0.000014175,CTC,"Sent CTC | Link: https://creditcoin.blockscout.com/tx/0x77069dacff1ea0e6cb5c3fb0459b7d1d258dd5b5bfb096d65bada78e2d6a9d43",payment,0x77069dacff1ea0e6cb5c3fb0459b7d1d258dd5b5bfb096d65bada78e2d6a9d43
10/05/2025 12:46:30,,,0,CTC,0.000029631,CTC,"Transfer Substrate | Link: https://creditcoin.blockscout.com/tx/0x136f9ba004e487ecee97edb850b3e9747b339c9e78cb216f9f932afad45b33ce",Contract Interaction,0x136f9ba004e487ecee97edb850b3e9747b339c9e78cb216f9f932afad45b33ce
10/05/2025 12:38:45,139.18212217345887424,CTC,,,,,"Received CTC | Link: https://creditcoin.blockscout.com/tx/0xfefa68eabd255827bee54dc80a59de16e5d19dea9c6ecbc4c960f1c1fe433d30",receive,0xfefa68eabd255827bee54dc80a59de16e5d19dea9c6ecbc4c960f1c1fe433d30
10/01/2025 16:08:15,,,33398.523683455389736576,CTC,0.000014175,CTC,"Sent CTC | Link: https://creditcoin.blockscout.com/tx/0x3a957a8627166d2cd9d88f64c8e495a86a42e6707c3def72ae8cfb800261c19d",payment,0x3a957a8627166d2cd9d88f64c8e495a86a42e6707c3def72ae8cfb800261c19d
10/01/2025 16:05:45,33398.523697630389736576,CTC,,,,,"Received CTC | Link: https://creditcoin.blockscout.com/tx/0x5dcf926a41999c75fb4d3f28dd4c63f9417b5868618e32b5b4552d982f0e6433",receive,0x5dcf926a41999c75fb4d3f28dd4c63f9417b5868618e32b5b4552d982f0e6433
09/17/2025 17:54:15,,,84898.999957475,CTC,0.000014175,CTC,"Sent CTC | Link: https://creditcoin.blockscout.com/tx/0x3c4cef6fdc3101516d999dfdb30f081053ea7877248d18aa744d1a428c42401d",payment,0x3c4cef6fdc3101516d999dfdb30f081053ea7877248d18aa744d1a428c42401d
09/16/2025 12:26:15,,,1,CTC,0.000014175,CTC,"Sent CTC | Link: https://creditcoin.blockscout.com/tx/0x78b646cdbecc1d9cd0d1c48c886ef909543eb60c3baf5b41b858127b2fbb2956",payment,0x78b646cdbecc1d9cd0d1c48c886ef909543eb60c3baf5b41b858127b2fbb2956
09/16/2025 11:09:30,,,324488,CTC,0.000014175,CTC,"Sent CTC | Link: https://creditcoin.blockscout.com/tx/0x1776d1424736163fd3523cd43bfe2d6633a12450f93c79e6ce5064c563db3f35",payment,0x1776d1424736163fd3523cd43bfe2d6633a12450f93c79e6ce5064c563db3f35
09/09/2025 19:28:30,,,12563.502680700798941824,CTC,0.000014175,CTC,"Sent CTC | Link: https://creditcoin.blockscout.com/tx/0xe7c6deadfa887addc01ff18c58b2c6df2f5f5bb8dcead4d53b1ca1801da0e636",payment,0xe7c6deadfa887addc01ff18c58b2c6df2f5f5bb8dcead4d53b1ca1801da0e636
09/09/2025 19:27:45,8888,CTC,,,,,"Received CTC | Link: https://creditcoin.blockscout.com/tx/0xc89fb54fa55d5d9d7dc9e1fa876c25897af77aacee741c72f848cdb32fe6501a",receive,0xc89fb54fa55d5d9d7dc9e1fa876c25897af77aacee741c72f848cdb32fe6501a
09/07/2025 11:29:00,,,41,CTC,0.000014175,CTC,"Sent CTC | Link: https://creditcoin.blockscout.com/tx/0xebf7fd1062c1671f4ee742aaaeab7dd4a6bd61beed3123e29691020721b35f1b",payment,0xebf7fd1062c1671f4ee742aaaeab7dd4a6bd61beed3123e29691020721b35f1b
08/29/2025 09:58:15,,,7233.592764689066791296,CTC,0.000014175,CTC,"Sent CTC | Link: https://creditcoin.blockscout.com/tx/0x0f8f1813c0882d1e6db24500fdc88f9b420a28cd45fb1650679bc5c04c4fb64f",payment,0x0f8f1813c0882d1e6db24500fdc88f9b420a28cd45fb1650679bc5c04c4fb64f
08/17/2025 07:27:45,,,5754.625113249188759552,CTC,0.000014175,CTC,"Sent CTC | Link: https://creditcoin.blockscout.com/tx/0xb8631364688ae238d0b0d7876536b9644cb24886bfb43ffe843cfc65e1708e32",payment,0xb8631364688ae238d0b0d7876536b9644cb24886bfb43ffe843cfc65e1708e32
08/10/2025 13:09:00,,,109844.595665222245017031,CTC,0.000014175,CTC,"Sent CTC | Link: https://creditcoin.blockscout.com/tx/0x65dd0cf8176be4d9384e36ac0ba703b2ed5fde7c8c039a423e6d84e086d6e6e2",payment,0x65dd0cf8176be4d9384e36ac0ba703b2ed5fde7c8c039a423e6d84e086d6e6e2
08/08/2025 14:32:00,,,11,CTC,0.000014175,CTC,"Sent CTC | Link: https://creditcoin.blockscout.com/tx/0xd93595c8cdf91b1e0b67ae3b9d8c98fde236625326ec28a08ef4a3bbed054f5b",payment,0xd93595c8cdf91b1e0b67ae3b9d8c98fde236625326ec28a08ef4a3bbed054f5b
08/05/2025 08:03:30,,,1888,CTC,0.000014175,CTC,"Sent CTC | Link: https://creditcoin.blockscout.com/tx/0x6e44ad0b07b71f1b42b852d2a8acdd6b46b65b49540ef9c1eb1ea330a2776466",payment,0x6e44ad0b07b71f1b42b852d2a8acdd6b46b65b49540ef9c1eb1ea330a2776466
07/26/2025 13:12:00,,,1,CTC,0.000014175,CTC,"Sent CTC | Link: https://creditcoin.blockscout.com/tx/0x0d08b5776cf5278bfeed1f39b9a81bcadc17d9a41f1993c51cd0a641016e7941",payment,0x0d08b5776cf5278bfeed1f39b9a81bcadc17d9a41f1993c51cd0a641016e7941
07/25/2025 20:05:45,,,1,CTC,0.000014175,CTC,"Sent CTC | Link: https://creditcoin.blockscout.com/tx/0xea59a0b98373c75216cc58f621c3be0859aeaf1a4c04b7376b719723985c1821",payment,0xea59a0b98373c75216cc58f621c3be0859aeaf1a4c04b7376b719723985c1821
07/25/2025 08:57:30,,,2,CTC,0.000014175,CTC,"Sent CTC | Link: https://creditcoin.blockscout.com/tx/0x4113a29f02da2a501c90f9966eb14097f08898dd1fa479aeed195a4cd271a645",payment,0x4113a29f02da2a501c90f9966eb14097f08898dd1fa479aeed195a4cd271a645
07/25/2025 08:56:45,,,2,CTC,0.000014175,CTC,"Sent CTC | Link: https://creditcoin.blockscout.com/tx/0xa8f7a3c66a1ff18059b6ae2d7c047195f577240c4f7070bc1bee8a9d51604449",payment,0xa8f7a3c66a1ff18059b6ae2d7c047195f577240c4f7070bc1bee8a9d51604449
07/24/2025 07:15:15,,,1,CTC,0.000014175,CTC,"Sent CTC | Link: https://creditcoin.blockscout.com/tx/0x2eb90303627a26cd14d9228bbd8facfdf9f57453e717aa4c2b79d0bfa241bf1c",payment,0x2eb90303627a26cd14d9228bbd8facfdf9f57453e717aa4c2b79d0bfa241bf1c
07/15/2025 06:41:30,,,0,CTC,0.000029442,CTC,"Transfer Substrate | Link: https://creditcoin.blockscout.com/tx/0x9dbefd4b0df511670c5feb6615111fab5cb1b07e77c5cb55c4a30a82606805cb",Contract Interaction,0x9dbefd4b0df511670c5feb6615111fab5cb1b07e77c5cb55c4a30a82606805cb
07/15/2025 05:47:00,,,0,CTC,0.000029442,CTC,"Transfer Substrate | Link: https://creditcoin.blockscout.com/tx/0xd4faba0255fde14a3dc2a2c8c4be1ba1ffa07564b0a6a9bd641b5de55806d2a7",Contract Interaction,0xd4faba0255fde14a3dc2a2c8c4be1ba1ffa07564b0a6a9bd641b5de55806d2a7
07/15/2025 05:46:00,639871.9999895,CTC,,,,,"Received CTC | Link: https://creditcoin.blockscout.com/tx/0x3760356f5feafe3560024d721b9a4044102413796b41870b00a051e64d5a35f9",receive,0x3760356f5feafe3560024d721b9a4044102413796b41870b00a051e64d5a35f9
07/14/2025 10:20:30,,,0,CTC,0.000029442,CTC,"Transfer Substrate | Link: https://creditcoin.blockscout.com/tx/0x09c1d737b2d592dcebb7d787c7a9d9556ca428062493c3674c07b16d4c9a5454",Contract Interaction,0x09c1d737b2d592dcebb7d787c7a9d9556ca428062493c3674c07b16d4c9a5454
07/14/2025 10:18:00,171614,CTC,,,,,"Received CTC | Link: https://creditcoin.blockscout.com/tx/0xd17eb1ac4a8ce9c82e838c0e3d00929953636c2b5caeb07fc89b393aa41bcf61",receive,0xd17eb1ac4a8ce9c82e838c0e3d00929953636c2b5caeb07fc89b393aa41bcf61
07/14/2025 06:35:15,,,0,CTC,0.000029442,CTC,"Transfer Substrate | Link: https://creditcoin.blockscout.com/tx/0x3c70a2220073e34a94386d3483ab09516e45228c6e6fc368861fe84bb267a1c8",Contract Interaction,0x3c70a2220073e34a94386d3483ab09516e45228c6e6fc368861fe84bb267a1c8
07/09/2025 07:35:00,,,1,CTC,0.000014175,CTC,"Sent CTC | Link: https://creditcoin.blockscout.com/tx/0xb07d1934c0088471f417208621e4e84175d97b794becdd7a49fad5d83a9c5a85",payment,0xb07d1934c0088471f417208621e4e84175d97b794becdd7a49fad5d83a9c5a85
06/28/2025 05:48:15,,,0,CTC,0.000029442,CTC,"Transfer Substrate | Link: https://creditcoin.blockscout.com/tx/0x0bfc32b06696d7d727bf881a4bba363e4414519d5c1bc8bd6c677aa42669795c",Contract Interaction,0x0bfc32b06696d7d727bf881a4bba363e4414519d5c1bc8bd6c677aa42669795c
06/28/2025 05:47:30,,,0,CTC,0.000029442,CTC,"Transfer Substrate | Link: https://creditcoin.blockscout.com/tx/0x43c723ccd6117c28ef0602b68b2c7ac05f3b32b302db6d1289bdfe0af1d18eda",Contract Interaction,0x43c723ccd6117c28ef0602b68b2c7ac05f3b32b302db6d1289bdfe0af1d18eda
06/28/2025 05:44:00,,,1,CTC,0.000014175,CTC,"Sent CTC | Link: https://creditcoin.blockscout.com/tx/0xc07d5e7d4de5948af9b6c45af361ef7877b9fcac2b48f37df105f9fe704292ec",payment,0xc07d5e7d4de5948af9b6c45af361ef7877b9fcac2b48f37df105f9fe704292ec
06/25/2025 13:35:15,,,1,CTC,0.000014175,CTC,"Sent CTC | Link: https://creditcoin.blockscout.com/tx/0x631aad9a98640cfd9e105aefc15b2256a5d107a0b6fb00c33300b734e35db830",payment,0x631aad9a98640cfd9e105aefc15b2256a5d107a0b6fb00c33300b734e35db830
06/24/2025 10:15:45,,,1,CTC,0.000014175,CTC,"Sent CTC | Link: https://creditcoin.blockscout.com/tx/0xdc7f74b10883b155e2f4f275d64b3c8d0c2f25557db1f1fefd8cca60d6e938e7",payment,0xdc7f74b10883b155e2f4f275d64b3c8d0c2f25557db1f1fefd8cca60d6e938e7
06/23/2025 11:07:15,,,30000,CTC,0.000014175,CTC,"Sent CTC | Link: https://creditcoin.blockscout.com/tx/0xe7a00f63babf1a762400c3f0acf41f7691c8bd5b239378410fec519b92eb3357",payment,0xe7a00f63babf1a762400c3f0acf41f7691c8bd5b239378410fec519b92eb3357
06/19/2025 06:23:15,,,1500,CTC,0.000014175,CTC,"Sent CTC | Link: https://creditcoin.blockscout.com/tx/0x3f02687bbebaa5f5b47600427fd349453fd607891d9bf4c978069489099f38a1",payment,0x3f02687bbebaa5f5b47600427fd349453fd607891d9bf4c978069489099f38a1
06/06/2025 06:16:00,,,2000,CTC,0.000014175,CTC,"Sent CTC | Link: https://creditcoin.blockscout.com/tx/0xe861e1d2e7ac98b75883c94b286ae906e14d224be49853ed5b0c031677a10b48",payment,0xe861e1d2e7ac98b75883c94b286ae906e14d224be49853ed5b0c031677a10b48
06/01/2025 14:34:00,,,30000,CTC,0.000014175,CTC,"Sent CTC | Link: https://creditcoin.blockscout.com/tx/0xd2c28e0bb9b899b37ea2767fe834234983ff13ca5cc5187f059f2f696a1116be",payment,0xd2c28e0bb9b899b37ea2767fe834234983ff13ca5cc5187f059f2f696a1116be
06/01/2025 14:12:15,18000,CTC,,,,,"Received CTC | Link: https://creditcoin.blockscout.com/tx/0x8d03550b832cc7e99264bc334c4fe73040c51f7250525dd7d8e7b6d350422687",receive,0x8d03550b832cc7e99264bc334c4fe73040c51f7250525dd7d8e7b6d350422687
06/01/2025 13:56:45,,,1,CTC,0.000014175,CTC,"Sent CTC | Link: https://creditcoin.blockscout.com/tx/0xf5bd67f2b69199c57f00e9bb47bd790e6a77a722784aad9cfb7b78bdadc39357",payment,0xf5bd67f2b69199c57f00e9bb47bd790e6a77a722784aad9cfb7b78bdadc39357
05/11/2025 19:08:00,,,0.1,CTC,0.000014175,CTC,"Sent CTC | Link: https://creditcoin.blockscout.com/tx/0x945a0994fd1d5af496d1d0531ec419f9cf9a461af46adc44f7b3880cee1ee820",payment,0x945a0994fd1d5af496d1d0531ec419f9cf9a461af46adc44f7b3880cee1ee820
05/11/2025 19:06:45,,,0,CTC,0.0000279909,CTC,"Token Transfer | Link: https://creditcoin.blockscout.com/tx/0xf4bec8d932326d5eac87fe1eeb60aa1a73f2034025319bef707d2e845ddace53",payment,0xf4bec8d932326d5eac87fe1eeb60aa1a73f2034025319bef707d2e845ddace53
05/11/2025 19:06:15,,,0,CTC,0.0000279909,CTC,"Token Transfer | Link: https://creditcoin.blockscout.com/tx/0xfdc76dbe37b7b7a61168c375ac9e49593650d5e20b2ac9262fc733779c84611e",payment,0xfdc76dbe37b7b7a61168c375ac9e49593650d5e20b2ac9262fc733779c84611e
05/11/2025 19:05:45,,,0,CTC,0.000034665975,CTC,"Token Transfer | Link: https://creditcoin.blockscout.com/tx/0x6cd1b68d001280ffd8a6e939522e6189efc85c04a8b1c4c949160062b775fbd5",payment,0x6cd1b68d001280ffd8a6e939522e6189efc85c04a8b1c4c949160062b775fbd5
05/11/2025 19:05:00,0.137385825,CTC,,,,,"Received CTC | Link: https://creditcoin.blockscout.com/tx/0x556e941d85cebecafcf5a116c83a6deb0f2dfc8417a25d9f90fd4f6a27c51a92",receive,0x556e941d85cebecafcf5a116c83a6deb0f2dfc8417a25d9f90fd4f6a27c51a92
05/11/2025 19:03:30,,,402731.309000136438207559,CTC,0.00002628045,CTC,"Deposit | Link: https://creditcoin.blockscout.com/tx/0x4664f480a647c46a81ef81f0816acbbce01cf13867999cac0b2dbb3d1b814bcc",Contract Interaction,0x4664f480a647c46a81ef81f0816acbbce01cf13867999cac0b2dbb3d1b814bcc
05/11/2025 19:03:00,,,232132,CTC,0.00003028455,CTC,"Deposit | Link: https://creditcoin.blockscout.com/tx/0xefb82c1507d74b8f7c4e837212804f4ad83e36e3afe50f6457bc02dd2fc6af45",Contract Interaction,0xefb82c1507d74b8f7c4e837212804f4ad83e36e3afe50f6457bc02dd2fc6af45
05/11/2025 19:00:45,35277.871102007778989879,CTC,,,,,"Received CTC | Link: https://creditcoin.blockscout.com/tx/0xa0c9ad151e2dc5987453cbae39b11d692f3475f7cd98b0f103c504eb48020a72",receive,0xa0c9ad151e2dc5987453cbae39b11d692f3475f7cd98b0f103c504eb48020a72
04/15/2025 14:13:30,,,0,CTC,0.000029442,CTC,"Transfer Substrate | Link: https://creditcoin.blockscout.com/tx/0x4002d07d21c9498e3379c684fc9e14baf3c58cfc393fc6d68281fccb44fc2bf4",Contract Interaction,0x4002d07d21c9498e3379c684fc9e14baf3c58cfc393fc6d68281fccb44fc2bf4
04/10/2025 15:37:45,349541.445081139264680799,CTC,,,,,"Received CTC | Link: https://creditcoin.blockscout.com/tx/0x8e2f444e24200863bccbda1d1d9f5151d0dd716df16db9befda84a60773a5c0e",receive,0x8e2f444e24200863bccbda1d1d9f5151d0dd716df16db9befda84a60773a5c0e
04/02/2025 12:26:15,,,218500,CTC,0.000014175,CTC,"Sent CTC | Link: https://creditcoin.blockscout.com/tx/0xd7eea01bf1873c1341850a17c8232e46fe8e6303d2b9bd356c465eac69580ea5",payment,0xd7eea01bf1873c1341850a17c8232e46fe8e6303d2b9bd356c465eac69580ea5
03/10/2025 14:38:15,,,0,CTC,0.000029442,CTC,"Transfer Substrate | Link: https://creditcoin.blockscout.com/tx/0xa535d26316e2500a52adaba2cba6c0fad4a45d7e01843f6c49263d540b033421",Contract Interaction,0xa535d26316e2500a52adaba2cba6c0fad4a45d7e01843f6c49263d540b033421
02/28/2025 19:26:30,,,0,CTC,0.000029442,CTC,"Transfer Substrate | Link: https://creditcoin.blockscout.com/tx/0x13aef0c7dbacd9266bf3c8d342c29c9abd11892d20dc79dc111aa4ed8d2de9b2",Contract Interaction,0x13aef0c7dbacd9266bf3c8d342c29c9abd11892d20dc79dc111aa4ed8d2de9b2
02/14/2025 12:49:00,,,0,CTC,0.000088788,CTC,"Withdraw | Link: https://creditcoin.blockscout.com/tx/0x74e94c2c6bcc3a990516df22a018e2fdf2c9b41e507b3066702cd4909898e833",Contract Interaction,0x74e94c2c6bcc3a990516df22a018e2fdf2c9b41e507b3066702cd4909898e833
02/06/2025 22:52:15,,,0,CTC,0.000088788,CTC,"Withdraw | Link: https://creditcoin.blockscout.com/tx/0xe58424c1c453b373c49496a8a9d718c7e52b1c2ddf6cabe95e737da6a680db0d",Contract Interaction,0xe58424c1c453b373c49496a8a9d718c7e52b1c2ddf6cabe95e737da6a680db0d
02/06/2025 22:50:30,,,0,CTC,0.000092686,CTC,"Token Approval | Link: https://creditcoin.blockscout.com/tx/0xe99bff55ce8739c5ef2ff8e392e1c20e36a1a3cc92a26b0b5e80958464a3e0bc",Contract Interaction,0xe99bff55ce8739c5ef2ff8e392e1c20e36a1a3cc92a26b0b5e80958464a3e0bc
02/06/2025 22:49:45,,,200000,CTC,0.00003028455,CTC,"Deposit | Link: https://creditcoin.blockscout.com/tx/0xe8a1a263732549ee7e513268441aaa701dd38cc4f2f0da0c096c16b921a7dd20",Contract Interaction,0xe8a1a263732549ee7e513268441aaa701dd38cc4f2f0da0c096c16b921a7dd20
02/06/2025 09:02:45,,,99.928699999999548907,CTC,0.001879556,CTC,"Multicall | Link: https://creditcoin.blockscout.com/tx/0xade43771fa36291cfc57c76afcc31bd3f92a67a2247f565c8785504adcfd3d8b",Contract Interaction,0xade43771fa36291cfc57c76afcc31bd3f92a67a2247f565c8785504adcfd3d8b
02/06/2025 09:01:00,,,0,CTC,0.000335832,CTC,"Token Approval | Link: https://creditcoin.blockscout.com/tx/0x97f9b3ba82bb7ad82bc0f0768b7ff5b58a59025abd46420ba7163eb29062d7b5",Contract Interaction,0x97f9b3ba82bb7ad82bc0f0768b7ff5b58a59025abd46420ba7163eb29062d7b5
02/06/2025 08:59:30,,,100,CTC,0.0004855032,CTC,"Swap (Exact Input Single) | Link: https://creditcoin.blockscout.com/tx/0xf227dd349c7fefca73aed9bce8f096e767fa338661fa1fda350a805c29b68c4b",swap,0xf227dd349c7fefca73aed9bce8f096e767fa338661fa1fda350a805c29b68c4b
01/31/2025 18:17:00,3179.091621948120714624,CTC,,,,,"Received CTC | Link: https://creditcoin.blockscout.com/tx/0xca83138081e5427951eafde9caca822909ce4964b9e9664ca6f3904dad5d929a",receive,0xca83138081e5427951eafde9caca822909ce4964b9e9664ca6f3904dad5d929a
01/26/2025 14:29:30,,,5000,CTC,0.000014175,CTC,"Sent CTC | Link: https://creditcoin.blockscout.com/tx/0xe0d4d0f1b9df04830bac82235ab63550f9f0065312b4f333d112f21ddffe31bc",payment,0xe0d4d0f1b9df04830bac82235ab63550f9f0065312b4f333d112f21ddffe31bc
01/26/2025 14:22:00,,,0,CTC,0.000029442,CTC,"Transfer Substrate | Link: https://creditcoin.blockscout.com/tx/0xbcec219b600367be6a3f238382ee8d87c0b33d5c056b7d9802f9163ad91eab65",Contract Interaction,0xbcec219b600367be6a3f238382ee8d87c0b33d5c056b7d9802f9163ad91eab65
01/26/2025 12:12:15,115978.262204546623603,CTC,,,,,"Received CTC | Link: https://creditcoin.blockscout.com/tx/0xbc02733779e880b70621833ed3c00d83c515ac5a925f396e6cd016bd90ff35dc",receive,0xbc02733779e880b70621833ed3c00d83c515ac5a925f396e6cd016bd90ff35dc
01/23/2025 08:14:45,14965.591830325550893498,CTC,,,,,"Received CTC | Link: https://creditcoin.blockscout.com/tx/0x96e7ee416ebe3ee916dd2e5000238a9f9c00aed8da65928573e7e769318d0481",receive,0x96e7ee416ebe3ee916dd2e5000238a9f9c00aed8da65928573e7e769318d0481
01/21/2025 17:55:00,56743.012729185366366959,CTC,,,,,"Received CTC | Link: https://creditcoin.blockscout.com/tx/0x78c51c7114b1384511fbe7c05b26c8cbb4a63ed3b6b98b92612fa94fb58a5dd5",receive,0x78c51c7114b1384511fbe7c05b26c8cbb4a63ed3b6b98b92612fa94fb58a5dd5
01/13/2025 10:56:00,,,0,CTC,0.000029442,CTC,"Transfer Substrate | Link: https://creditcoin.blockscout.com/tx/0x79db82013fad8b0d3f9aeed8f6ef98ae6eea2219eb31d9252e882b4d5491693c",Contract Interaction,0x79db82013fad8b0d3f9aeed8f6ef98ae6eea2219eb31d9252e882b4d5491693c
01/13/2025 10:55:30,54504.447185817059514035,CTC,,,,,"Received CTC | Link: https://creditcoin.blockscout.com/tx/0xe2e181c7866303aba812211bb8270ed2532a4494bb9211fb94d952fc734f8377",receive,0xe2e181c7866303aba812211bb8270ed2532a4494bb9211fb94d952fc734f8377
01/13/2025 10:55:00,2,CTC,,,,,"Received CTC | Link: https://creditcoin.blockscout.com/tx/0x026d14fb7b7c485f7d5a324c5a6fd0492a8e2f3d01158d17fbb444dd08eb1b86",receive,0x026d14fb7b7c485f7d5a324c5a6fd0492a8e2f3d01158d17fbb444dd08eb1b86